level,unit,week,lesson,word,syllables,sounds,definition,example_1,example_2,example_3,non_example,syntax,etymology,word_sums,suffixes,apply,dictation,thumbs
1,1,1,1,hopeful,hope | ful,,"To be hopeful is to be full of hope, which is a feeling that what you want to happen WILL happen.",I am hopeful that I will get my favourite cake for my birthday.,The Fremantle Dockers are hopeful of getting to the finals this year.,The woman was hopeful of getting the job after her interview went well.,"If you know for sure that you’re getting a bike for your birthday because you went to buy it with your parents, you’re not hopeful of getting the bike, because it’s certain. Hopeful is when the outcome isn’t guaranteed but you feel like it could happen.",adjective :: The hopeful child :: asked to eat chocolate for breakfast. || adjective :: The team :: felt winning was hopeless. || verb :: The students :: hoped there was no test today.,"Hope is one of the oldest words in English and originally meant ‘to trust’. || The suffixes –ful and –less have also been in English for a long time. || This means that hopeful and hopeless are considered to be Anglo-Saxon, which is how we describe the first people who spoke English.","hope:to wish that something you want will happen + ful:full of => hopeful || hope:to wish that something you want will happen + less:lacking, not having => hopeless",hope + s:plural || hope + ed:past tense || hope + ing:continuous tense,Would you feel hopeful or hopeless in these situations? || Explain why/why not: || Playing in a grand final against a team you already beat once this year. || Needing it to be hot enough to go to the beach in January. || Planning to buy a new Switch this week when you only have $5. || Being asked to drag an aeroplane along the runway by yourself.,,+ Checking the sky before a carnival because you think the rain might clear. || + Keeping your fingers crossed that your name gets called in the raffle. || - Deciding not to enter the race because you are sure you will come last. || - Feeling worried that nothing will ever go your way.
1,1,1,2,kindness,kind | ness,,Kindness is the quality of being caring or helpful.,My friend showed kindness when she offered to help me clean up my room.,Kindergarten teachers are often known for their kindness.,,"If someone is impatient or rushing while you’re trying to get into a lift, they are not showing kindness.",noun :: Kindness :: is important for friends. || noun :: Nurses :: need kindness. || adjective :: Sharing :: is kinder than keeping things to yourself. || adjective :: The kindest teachers :: are remembered by their students.,"Kind is one of the oldest words in English and originally meant ‘type’ or ‘sort’, and was related to ‘family’. || Kindness is also a very old English word and originally meant ‘the feeling family has for each other’ – which probably means being caring and helpful! || The suffixes –er and –est have also been in English for a long time. They are Anglo-Saxon words and suffixes.","kind:gentle, caring and helpful + ness:quality or state of => kindness || kind + er => kinder || kind + est => kindest",,Example or non-example? || Letting a young child go first on a piece of playground equipment. || Helping someone carry a big load to their car. || Pushing into the line for the canteen. || Leaving the last slice of cake on the table for someone else to clean up. || Leaving the last slice of cake on the table for your brother who will be home from his music lesson soon.,,+ Sitting with someone at lunch who is on their own. || + Carrying a box for a teacher whose hands are full. || - Laughing when someone drops their lunch box. || - Pushing in front of someone in the canteen line.
1,1,1,3,undoing,un | do | ing,,Undoing is the act of reversing something or the cause of failure.,You must wait for the seatbelt sign to switch off before undoing your seatbelt on a plane.,Undoing the knots in your shoelaces helps them to last longer.,"If you don’t study before a test, it might be your undoing – the cause of your failure in the test.","If you break something, you’re not undoing it, because you aren’t reversing how it was put together.",verb :: The man :: was undoing his shoelaces. || noun :: Her undoing :: was her impatience. || verb :: I :: can’t undo the knot. || verb :: She :: undoes the packet. || verb :: The detective :: undid the police tape.,"Do and undo are some of the oldest words in English, and the meaning has stayed the same for all that time. || The reason we say did and does is because that is how different tenses used to be formed in Old English. They are Anglo-Saxon morphemes.","un:opposite of, not              to perform or carry out an action       continuous tense verb + do + ing => undoing",,Build words using morpheme tiles:,,+ Untangling the knot you accidentally tied in the skipping rope. || + Peeling the sticker back off because you put it on crooked. || - Building the next layer of your Lego tower. || - Adding another coat of paint to your artwork.
1,1,1,4,neighbourhood,neigh | bour | hood,,"A neighbourhood is one of the parts of a town where people live, and the people who live there.",Our neighbourhood has a lot of children.,The neighbourhood of our school is called_______________.,Houses in some neighbourhoods cost more than others.,,noun :: The neighbourhood :: is friendly. || noun :: The police :: patrol the neighbourhood. || verb :: Jane’s house :: neighbours the shopping centre. || verb :: The old school :: neighboured the park. || adjective :: The neighbouring houses :: are quite small.,"Neighbour and neighbourhood are some of the oldest words in English, and the meaning has stayed the same for all that time. || They are Anglo-Saxon morphemes.",neighbour:someone who lives nearby + hood:state of being => neighbourhood,,Write sentences using at least two of the words you build.,,"+ The streets, park and shops within walking distance of your house. || + The group of homes where you know some of the families. || - A country on the other side of the world. || - A single bedroom inside one house."
1,1,2,1,tractor,tract | or,,A tractor is a farm vehicle that is used to pull machinery and equipment.,The farmer used a tractor to pull a load of hay to the cow paddock.,Tractors are very helpful when pulling a car that is stuck in mud.,,"A truck might also be used as a farm vehicle and it pulls trailers, but it is not a tractor because it does not pull machinery, like a plough (which digs up and turns over the earth ready for seeding crops) or a thresher (which separates grain from the rest of the plant, like the stalk).",noun :: The tractor :: pulled the plough. || noun :: Farmers :: often use tractors.,"Tractor is of Latin origin, from trahere, meaning ‘to pull or draw’ – draw in the sense of drag along. || Tractor was first used as the name of a device used by ‘quack’ or fraudulent/fake doctors. This device was two metal rods that could just touch a person to cure them!",tract:to pull + or:one who does or makes => tractor,tractor + s:plural,Would a tractor be used for these tasks? || Explain why/why not: || To pull a trailer of hay? || To pull a plough? || To dig a hole for fence posts? || To drag fence posts across the paddock to the hole ? || What might a tractor beam on a spaceship do?,,+ A vehicle towing a trailer of hay across a paddock. || + A machine a farmer drives to pull a plough through soil. || - A scooter you ride to school. || - A shopping trolley you push down an aisle.
1,1,2,2,distract,dis | tract,,To distract is to take attention away from something.,Drivers should not use phones while driving because it will distract them from the road.,I was distracted by watching TV when I should have been cooking and I burned my dinner.,,"If you are sitting staring into space and someone starts talking to you, you haven’t been distracted because your attention wasn’t already on something else.",verb :: The students :: distract the teacher. || verb :: The laser :: distracted the cat. || verb :: The phone :: is distracting the walker.,"Distract is of Latin origin, from distrahere, meaning ‘to draw in different directions’ – draw in the sense of pull. || It was first used in English about 500 years ago, in the mid-1500s.","dis:away, apart + tract:to pull => distract",distract + s || distract + ed || distract + ing || distract + or || distract + s,Example or non-example? || The Sesame Street theme playing over and over again while you’re trying to read. || Someone poking you while you’re eating dinner. || Complete silence during a test. || Listening to music up loud after you’ve finished all your homework and it’s an hour before bedtime. || Listening to music up loud while someone else is trying to talk on the phone.,,+ Tapping your pencil so loudly that nobody can concentrate. || + Waving at your friend through the classroom window during a test. || - Sitting quietly and finishing your own work. || - Putting your phone away so you can focus.
1,1,2,3,retract,re | tract,,To retract is to draw something in or back.,Snails retract their body into their shell to protect themselves against predators.,Many people have a retracting tape measure in their toolbox or sewing kit.,"If a public figure is caught lying, they might retract what they said.","If you close a cupboard door, you are not retracting it, because it is not being drawn or pulled back in.",verb :: The octopuses :: retract their tentacles. || verb :: The cat :: retracted its sharp claws. || adjective :: Retracted turtles :: might be escaping predators. || adjective :: The retracting leash :: got tangled around the dog.,"Retract is of Latin origin, from rectractare, meaning ‘to withdraw’. || It was first used to mean that someone was taking back, or correcting, something that they said before, maybe because they changed their mind or learned new information.","re:back, again + tract:to pull => retract",retract + s || retract + ed || retract + ing || retract + or || retract + s,Write sentences using at least two of the words you build.,,+ A snail pulling its body back inside its shell. || + A cat pulling its claws back in after a stretch. || - A plane's wheels coming down before landing. || - Stretching your arm out as far as it will reach.
1,1,2,4,subtract,sub | tract,,To subtract is to remove something from the whole.,Children learn to add and subtract numbers as soon as they start school.,"When you’re travelling, you might have to subtract items from your suitcase if it’s too heavy!",,"If you divide your clothes into two piles, you are not subtracting your clothes because the whole group is still there, and nothing has been removed.",verb :: Students :: subtract 3 from 4 to get 1. || verb :: 10 :: subtract 7 equals 3.,"Subtract is of Latin origin, from subtrahere, meaning ‘to take away or draw off’. || It has been used in maths since about the 1550s – 500 years ago!",sub:under + tract:to pull => subtract,subtract + s || subtract + ed || subtract + ing || subtract + or || subtract + s,,,+ Taking three apples out of a bowl that had ten. || + Spending $5 of the $20 in your wallet. || - Adding two more chairs to the table. || - Pouring extra water into a full jug.
1,1,3,1,subject,sub | ject,,A subject is something you talk about or study.,My favourite subject is maths.,The subject of the movie was a girl called Elsa.,Swifties love to talk about the subject of Taylor Swift.,"If you are supposed to be talking about life cycles in science, but instead you begin singing ‘Derglumph went the little green frog,’ the song is not the subject and you have gone off-topic.",noun :: The subject :: was tricky.,"Subject is of Latin origin, from subicere, meaning ‘to place under’. || It came to English from French speakers and it was used to describe the people who lived under the control of a King, Queen or other ruler. || When we talk about historic Kings and Queens, we still refer to the people they ruled as subjects.",sub:under + ject:to throw => subject,subject + s:plural,"Would the word subject be used for these examples? || Explain why/why not: || The knowledge that we learn about at school, like maths, science and history? || The people who live in the city ruled by Queen Elsa in Frozen? || Mentioning that you have a cat while talking about your friend’s dog? || Your friend’s dog while talking about their dog’s favourite food, games, and places to visit? || What subject might be good to talk about when you’re meeting someone the same age as you? || What about someone the same age as your parents? Your grandparents? || Which subject at school is your favourite?",,+ The topic your class is learning about this term. || + What a documentary is all about. || - The chair you are sitting on. || - The time on the clock.
1,1,3,2,inject,in | ject,,To inject is to add or put something into something else.,Nurses inject people with vaccinations using needles called syringes.,You could inject a new idea into a conversation by speaking up and adding your thoughts.,Sometimes businesses need to be injected with money to keep running or to be able to attempt a new project.,,verb :: The nurses :: inject people with vaccinations. || verb :: The cream :: was injected into the doughnut. || verb :: The workers :: inject insulation into the roof.,"Inject is of Latin origin, from inicere, meaning ‘to throw in or on’. || It was originally used for medical situations in the same way we use it today to talk about vaccinations or other medicines being given to people using a syringe.","in:in, into, on, upon + ject:to throw => inject",inject + s || inject + ed || inject + ing || inject + s || inject + ed || inject + ing || inject + or || inject + s,Example or non-example? || A printer squirting blue ink onto paper. || The dentist giving you a needle to make your mouth numb. || Your friend poking you in the shoulder. || Being the person who talks the most during a conversation. || Mostly listening during a conversation and then speaking up to suggest a new idea.,,+ A nurse putting medicine into your arm with a needle. || + Squeezing jam into the middle of a doughnut. || - Pouring water out of a bottle onto the grass. || - Taking the batteries out of a remote.
1,1,3,3,project,pro | ject,,A project is a task that takes a lot of time and work. It can also be the act of putting something forward.,An art project might take weeks to complete.,"Projects to improve roads, bike paths and parks are often managed by the government.",Cinemas use a machine to project the film onto a large screen.,,noun :: The project :: will take the students three weeks. || verb :: The machine :: projected the picture onto the screen.,"Project is of Latin origin, from proicere, meaning ‘to thrust forward’. || It was first used to mean thrusting an idea forward in your mind, and also was used to talk about a thing that sticks out – for example, a rock could project out from a cliff face.",pro:forward + ject:to throw => project,project + s || project + s || project + ed || project + ing || project + s || project + ed || project + ing || project + or || project + s,Write sentences using at least two of the words you build.,,+ A term-long task where you research and build a model. || + Shining a film onto a large screen at the cinema. || - Answering one quick question in your head. || - Whispering so nobody can hear you.
1,1,3,4,object,ob | ject,,An object is a non-living thing with a fixed shape that you can touch or see. It is also the action of saying you disagree.,"You should try to put heavy objects at the bottom of your shopping bag so they don’t crush lighter objects, like peaches or eggs.","A scale is used to weigh objects, such as ingredients for cooking or your luggage before flying on a plane.",,"If you are told you have to share an ice-cream with your brother or sister, you might object by saying, ‘I don’t want to!’.",noun :: A heavy object :: should be put at the bottom of the shopping bag. || verb :: The man :: objected to being told to wait.,"Object is of Latin origin, from objicere, meaning ‘to throw before or put in front of’. || Its meaning in English has been much the same for about 600 years.","ob:in front of, towards, against + ject:to throw => object",object + s || object + s || object + ed || object + ing || object + s || object + ed || object + ing || object + or || object + s,,,+ A rock you can pick up and turn over in your hand. || + The stapler sitting on the teacher's desk. || - A feeling of excitement before a holiday. || - A puppy running across the oval.
1,1,4,1,react,re | act,,To react to something is to behave in a particular way because of it.,Well-trained dogs react by sitting when told to ‘sit’.,"You might react to being pinched by saying, ‘stop that!’",People often react to good news by smiling or cheering.,"If you don’t jump or gasp when someone jumps out at you, then you are not reacting to them.",verb :: The boy :: reacted to being poked by his brother.,"React is of Latin origin, from the word reagere, meaning ‘to drive or to do’. || It was first used in the 1600s to talk about how chemicals behaved when mixed with other chemicals – for example, how bicarbonate of soda reacts to vinegar when they are mixed, which is what we do to make a model of a volcano erupting.","re:back, again + act:to do => react",react + s || react + ed || react + ing || react + or || react + s,"Would the word react be used for these situations? || Explain why/why not: || Saying ‘ouch’ when you stub your toe against the table leg? || Soft drink fizzing up when you shake the bottle up? || Someone ignores you when you say, ‘hello’? || Someone waves to you when you say, ‘hello’? || What might you see or what might be done in the playground that would lead you to react by laughing/frowning/running to join in a game? || What could cause someone to react by crying/giggling/stopping what they’re doing?",,
1,1,4,2,action,ac | tion,,An action is something you do.,There are a lot of actions for the Baby Shark dance.,"If you’re outside when it’s raining, you have to take action to get under cover.","Action movies, like Thor, can be more exciting than movies with lots of talking.",,"noun :: The dance actions :: are tricky. || noun :: Smiling :: is a reaction to hearing a compliment, like ‘great job!’","Action is of Latin origin. || It first started to be used in the 1400s and at that time, it was not spelled with a ‘t’. The ‘t’ was added back in to the word about 100 years later, so readers could see that ‘act’ and ‘action’ were related words, even though they sounded different.",act:to do + ion:noun of action => action,"action + re:back, again || action + s:plural",Example or non-example? || Jumping on the spot. || Getting up and going to the classroom when the lunch siren rings. || Lying in bed without moving. || The desk you’re sitting at. || Putting your workbook on the desk you’re sitting at.,,
1,1,4,3,active,act | ive,,Someone who is active moves around a lot or does a lot of things.,Puppies are very active when they play together.,Ms Smith is very active in the school community.,Being active can help you stay healthy and happy.,"If you sit on the couch watching a film without moving, you are not being active.",adjective :: Active people :: are usually healthier than people who don’t move as much.,"Active is of Latin origin, from activus, meaning ‘to do or move’. || It was first used to mean something that was able to act, rather than something that did or could not.",act:to do + ive:having the quality or tendency of => active,"active + ly:having the quality of || active + pro || active + forward || active + re || active + back, again || active + ly:having the quality of || active + pro || active + forward || active + re || active + back, again || active + in || active + not || active + ly:having the quality of",,,
1,1,4,4,distraction,dis | trac | tion,,A distraction is something that turns your attention away from something you might want to focus on.,"During a test, the room is kept very quiet to prevent distractions.","A distraction might cause you to forget what you need to do, like putting your lunch in your bag for school.",,Drivers are not allowed to use mobile phones while driving because they are a distraction from the road.,noun :: The loud TV :: was a distraction from homework.,We have already learnt that distract is Latin. || Distraction was used from the 1600s to refer to ‘a thing or fact causing mental diversion or bewilderment’.,"dis:away, apart + tract:to pull + ion:noun of action => distraction","distraction + away, apart || distraction + re || distraction + back, again || distraction + sub || distraction + under || distraction + pro || distraction + forward || distraction + s:plural || distraction + re || distraction + back, again || distraction + in || distraction + into, in || distraction + pro || distraction + forward || distraction + ob || distraction + in front of, against || distraction + ject:to throw || distraction + s:plural",Write sentences using at least two of the words you build.,,
1,1,5,1,export,ex | port,,To export something is to sell it to another country.,Australia exports wheat and meat to countries like Indonesia and Japan.,"On the other hand, Japan exports cars and electronics to Australia.",Many items being exported from WA leave from Fremantle Port.,"If you take your clothes with you on an overseas holiday, you have not exported them because you are not selling them.",verb :: Toyota :: exports cars around the world.,"Export is of Latin origin, from the word exportare, meaning ‘to carry away’. || It has almost always been used to refer to the objects that are sold to another country.","ex:out, away + port:to carry => export",export + s || export + ed || export + ing || export + s || export + ed || export + ing || export + er || export + s,Would the word export be used for these situations? || Explain why/why not: || Yoghurt made in Australia is sent to Singapore to be sold in supermarkets? || Ikea makes furniture in Sweden and then sends it to Australia? || A farmer sells eggs at the market down the road from their farm? || A family on holiday in New Zealand takes a present to give to the friends they are visiting?,,
1,1,5,2,portable,port | able,,"If something is portable, it can be easily carried or moved.",Many people buy laptops instead of desktop computers because laptops are portable.,"An outdoor event, like a concert, might have portable toilets that can be taken away once the event finishes.",Portable fans are very popular in summer.,,adjective :: Portable classrooms :: are often used when schools grow quickly.,"Portable is of Latin origin, from the word portabilis, meaning ‘that which can be carried’.",port:to carry + able:capable of => portable,"portable + ex:out, away",Example or non-example? || Fold-up camping chairs. || A bouncy castle. || The shopping centre. || A smart phone. || A phone that plugs into the wall.,,
1,1,5,3,report,re | port,,To report something is to tell people about something that has happened.,"Journalists report the news of the day on TV, radio or in a newspaper.",A school report tells parents how a student performed at school over the year.,"If someone witnesses a crime, they might report it to the police.",,verb :: The newsreader :: reports what happened in the city each day. || noun :: School reports :: are sent out on the last day of term.,"Report is of Latin origin, from reportare, meaning ‘to carry back’ or ‘tell’.","re:back, again + port:to carry => report",report + s || report + ed || report + ing || report + able || report + er || report + s,,,
1,1,5,4,transport,trans | port,,To transport something is to take it from one place to another.,People often use buses to transport them to school or work.,"In Australia, trucks are used to transport food between cities and towns.","If you are very moved by a piece of music, you might say it transported you.",,verb :: Cars :: transport people from one place to another.,"Transport is of Latin origin, from the word, transportare, meaning ‘to carry’. || It was used to mean ‘carry across’, or ‘to overwhelm with strong emotions’.","trans:beyond, across + port:to carry => transport",transport + s || transport + ed || transport + ing || transport + er || transport + s,Write sentences using at least two of the words you build.,,
1,1,6,1,disrupt,dis | rupt,,To disrupt something is to disturb or interrupt it.,Noisy children disrupt the students sitting near them.,The silence was disrupted by an aeroplane flying overhead.,A train breakdown would disrupt the whole public transport system.,,verb :: The wailing baby :: disrupted the people reading in the library. || noun :: The disruption to the trains :: annoyed many people. || adjective :: Disruptive students :: might be punished with detention.,"Disrupt is of Latin origin, meaning to break or burst apart. || Disrupt has only been in common use for about 200 years; before that, people might have said ‘disrump’ instead, which is closer to the original Latin word ‘disrumpere’.","dis:away, apart + rupt:to break => disrupt",disrupt + s || disrupt + ed || disrupt + ing || disrupt + ive || disrupt + ion || disrupt + s || disrupt + s || disrupt + ed || disrupt + ing || disrupt + ive || disrupt + ion || disrupt + or || disrupt + s,Would the word disrupt be used for these situations? || Explain why/why not: || Hanging up the phone while you’re in the middle of the conversation? || Someone calling out while the principal is making a speech? || Playing loud music during a family party? || Playing loud music while someone is trying to watch the news on TV?,,
1,1,6,2,erupt,erupt,,To erupt is to burst out suddenly and often violently.,Active volcanoes can erupt without warning.,"If you shake a can of soft drink, it might erupt when you open it.","If someone laughs suddenly and loudly, they could be described as erupting with laughter.","If you turn a tap on gently, the water doesn’t erupt, because it doesn’t burst out suddenly.","verb :: The volcano :: erupted suddenly, spraying lava into the air. || noun :: The volcanic eruption :: caused the town’s citizens to flee.","Erupt is of Latin origin, from the word eruptus, meaning ‘to break out, burst’. || It was first used to describe the eruption of Mount Etna, which is a volcano in Italy.","e:out, away + rupt:to break => erupt",erupt + s || erupt + ed || erupt + ing || erupt + ive || erupt + ion || erupt + s,Example or non-example? || A can of soft drink exploding. || Someone suddenly bursting into tears. || The river flowing into the sea. || Water shooting through a blowhole. || Cracking an egg.,,
1,1,6,3,attractive,at | tract | ive,,"If something is attractive, it looks or sounds pleasant, or seems worth having.",Taylor Swift has an attractive singing voice.,A swimming pool is attractive on a hot day.,Actors are usually considered to be attractive.,"A wheelie bin is not attractive, even though it is worth having, because it doesn’t necessarily look or smell pleasant.",adjective :: Kings Park :: is a very attractive garden.,"Attractive and adjective are both of Latin origin. || Attractive comes from attrahere, meaning ‘having the power to draw the eye’. || Adjective comes from adjectivum, meaning ‘to add’. || For a while during the 1800s, adjective was used to politely refer to swear words. Instead of writing down the swear word someone had used, a writer might say the person had used ‘the adjective’.","at:to, towards, near + tract:to pull + ive:having the quality or tendency of => attractive",attractive + s || attractive + ed || attractive + ing || attractive + ion || attractive + s,Write sentences using at least two of the words you build.,,
1,1,6,4,import,im | port,,To import something is to buy it from one country to use or sell in your own country.,"Australia imports electronics, such as smartphones and computers, because we don’t make any here.","Countries that don’t have a coastline, like Switzerland, must import seafood to eat.",Honey cannot be imported into Australia because it might carry infections that will hurt our own bees.,"If you buy something from Sydney when you live in Perth, you are not importing it, because you are buying it within the same country.",verb :: Australia :: imports cars from Europe and Asia.,"Import is the Latin origin, from the word importare, meaning ‘to bring in from abroad’ or from another country.","im:in, into, on, upon + port:to carry => import",import + s || import + ed || import + ing || import + er || import + s,,,
1,1,7,1,construct,con | struct,,To construct something is to build or make it.,"When you buy furniture, sometimes you have to construct it at home by yourself.",The Great Wall of China took hundreds of years to construct.,"Many birds, like eagles and magpies, construct nests to lay their eggs.",We would not say you are constructing a jigsaw puzzle when you put it together because you’re not making it from scratch.,verb :: The children :: constructed a sandcastle.,"Construct is of Latin origin, from the word constructus, meaning to put parts together in their proper place and order. || Construction and constructive come from the same Latin word, but have been used to in English for a couple of hundred years longer than construct.","con:with, together + struct:to build or pile up => construct",construct + s || construct + ed || construct + ing || construct + ible || construct + ion || construct + or || construct + s || construct + ive || construct + ly,Would the word construct be used for these situations? || Explain why/why not: || You put a tent together when you arrive at a camp site? || A new table is delivered to your home ready to use? || Builders make a new apartment tower? || You put new sheets on your bed?,,
1,1,7,2,instruct,in | struct,,To instruct someone is to teach them something or tell them to do something.,"As your teacher, I am currently instructing you in spelling morphology.",Your parent might instruct you to go to bed by 8pm.,A driving instructor teaches people to drive a car.,"If you ask someone a favour, you are not instructing them, because you are not telling them they must do it.","verb :: Teachers :: instruct their students in reading, writing and maths.","Instruct is of Latin origin, from the word instructus, meaning ‘to arrange, set in order, inform or teach’. || Instruction comes from the same Latin word but has been used in English for about 100 years longer.","in:in, into, on, upon + struct:to build or pile up => instruct",instruct + s || instruct + ed || instruct + ing || instruct + ible || instruct + ion || instruct + or || instruct + s || instruct + ive || instruct + ly,"Example or non-example? || Being told to stand behind the line on the train station platform. || Being told you can have milo, hot chocolate, or juice. || Being left to work out how to do a task by yourself. || Being shown how to solve a maths problem.",,
1,1,7,3,destroy,des | troy,,To destroy something is to ruin it or stop it existing.,Termites destroy wooden houses and furniture by eating through it.,The children destroyed their sandcastle by jumping on it.,Dropping a book into a pool is likely to destroy it.,"If your jeans get a bit muddy, they have not been destroyed, because they are not ruined – they can simply be washed.",verb :: The strong winds :: destroyed the shed. || noun :: The tornado :: left a trail of destruction. || adjective :: Puppies :: can be very destructive when they chew on furniture and clothing.,"Destroy is of Latin origin, from destruere, meaning || ‘to tear down’ or ‘un-build’. || It came to English through Old French. || It has been used in English since the 1200s, and destruction and destructive didn’t enter English until about 300 years later.","de:un, down, off, totally, out, away + struct/stroy:to build or pile up => destroy",destroy + s || destroy + ed || destroy + ing || destroy + ion || destroy + er || destroy + s || destroy + ible || destroy + ive || destroy + ly,,,
1,1,7,4,obstruct,ob | struct,,To obstruct something means to block it or stop it happening properly.,"After a storm, fallen trees might obstruct the road.",The tall man obstructed my view at the concert.,Someone might obstruct police if they want to get away with a crime.,"Window tinting is designed so it does not obstruct vision through a window, or block being able to see through the window, but it does obstruct UV rays from the sun.",verb :: The broken-down truck :: obstructed the road.,"Obstruct is of Latin origin, form the word obstructus, meaning to build up, build against, or block.","ob:in front of, towards, against + struct:to build or pile up => obstruct",obstruct + s || obstruct + ed || obstruct + ing || obstruct + ible || obstruct + ion || obstruct + or || obstruct + s || obstruct + ive || obstruct + ly,Write sentences using at least two of the words you build.,,
1,1,8,1,pressure,pres | sure,,Pressure is force caused by pressing hard on something.,You have to put a lot of pressure on to a sleeping bag to get it back in its case.,Bike tyres need high pressure from the air inside in order to ride smoothly.,"Before a test, you might feel there is a lot of pressure to succeed.","If you hold a glass firmly, but without squeezing or pressing hard on it, then you are not putting pressure on it.",noun :: Pressure :: grows as you go deeper underwater. || verb :: The boy :: pressured his friends to play soccer.,"Pressure is of Latin origin, from the word pressura, but it came to English through French. || It originally meant suffering or anguish, in the sense of a pressing on the heart or mind. || It was also used to refer to tools for making cheese, and a torture device!",press:to press or hold tight + ure:action or process => pressure,pressure + s || pressure + ed || pressure + ing,Would the word pressure be used for these situations? || Explain why/why not: || You squeeze a fully inflated balloon. || Someone tries to talk another person into doing something they don’t want to do. || A nurse holds a bandage tightly on a wound. || You gently put a carton of eggs in the fridge.,,
1,1,8,2,suppress,sup | press,,To suppress something is to force it to stop or hide.,Medicine can sometimes help suppress a cough.,The police suppressed a protest in the city.,"If you see someone fall over in a funny way but don’t want to hurt their feelings, you might suppress a smile.","If someone asks you to stop talking during assembly and you do, you are not being suppressed, because you are not being made to stop using force – you are stopping because you know what it is you should be doing.",verb :: The teacher :: suppressed a laugh.,"Suppress is of Latin origin, from the word suppressus, meaning ‘to press down, stop or hold back’.",sup:under + press:to press or to hold tight => suppress,suppress + to press or hold || suppress + tight || suppress + es || suppress + ed || suppress + ing || suppress + ion || suppress + ible || suppress + or || suppress + s || suppress + ive || suppress + ly,Example or non-example? || A teacher stopping a student calling out during assembly. || Keeping quiet while you’re being told off even though you’d like to argue back. || Not laughing at a joke because you didn’t think it was funny. || The government not letting newspapers name someone who committed a crime.,,
1,1,8,3,express,ex | press,,"To express something is to show what you think or feel, or force something out.",The politician expressed her thoughts about the new law.,The toddler expressed his frustration by stamping his foot and crying.,You can make a refreshing drink by expressing the juice from oranges.,"If you tip milk out of a bottle, it is not being expressed, because it doesn’t have to be forced out.",verb :: The principal :: expressed his pride in the Year 6 students. || adjective :: Express post :: arrives 3 to 5 days earlier than normal post.,"Express is of Latin origin, from expressare, || meaning ‘to press out’ but also ‘to represent, describe, or || speak one’s mind’. || It originally meant ‘to represent in visual arts, or put into words’, which may have been related to the process of creating art using clay – literally ‘pressing out’ the clay into a new shape. || Expressare is also the source of the Italian word espresso, which is a type of coffee made by forcing very hot water through ground coffee beans.","ex:out, away + press:to press or hold tight => express",express + s || express + ed || express + ing || express + ible || express + ion || express + or || express + s || express + ive || express + ly,,,
1,1,8,4,compress,com | press,,To compress something is to squeeze it to take up less space.,"If you have a large box for recycling, you may need to compress so it fits in the wheelie bin.",Travellers often need to compress their clothes so that they all fit in the suitcase.,Deep-sea divers are at risk of compression sickness when the water pressure on their bodies changes too quickly.,"If you fold clothes to fit in your drawer, they should take up less space, but they are not being compressed because they are not being squeezed to take up less space.",verb :: The rubbish truck :: compressed the rubbish to make more space,"Compress is of Latin origin, from the word compressare, meaning ‘to press together’.","com:with, together + press:to press or hold tight => compress",compress + es || compress + ed || compress + ing || compress + ible || compress + ion || compress + or || compress + s || compress + ive || compress + ly,Write sentences using at least two of the words you build.,,
1,1,9,2,indestructible,in | des | truct | ible,,"If something is indestructible, it is very strong and cannot be destroyed.",Dog toys are sometimes advertised as being indestructible even with very rough dogs!,"Engineers work hard to make buildings, bridges and other structures indestructible so that they’re safe for people to use them.","Because crocodiles and cockroaches have existed since prehistoric times, they are sometimes described as indestructible.",,adjective :: The plane’s black box :: was indestructible.,"Indestructible and destructible are of Latin origin, from the word destructibilis, meaning ‘capable of being destroyed’.","in:not + de:un, down, off, totally, out, away + struct:to build or pile up + ible:capable of => indestructible",,Example or non-example? || An army tank || Cast iron frying pan || A wooden shack by the beach || A chicken egg || A Lego brick,,
1,1,9,3,transaction,trans | ac | tion,,A transaction is an act of buying or selling something.,You might get a receipt after a transaction in a shop.,Most transactions at the school canteen use cash instead of a bank card.,Banks sometimes charge a fee for a transaction made using a credit card.,"If you donate something to an op shop, that is not a transaction because you are not getting something in return – it is being given, not sold.",noun :: The supermarket :: made over 100 transactions in one day.,"Transaction is of Latin origin, from transactionem, meaning ‘an agreement or accomplishment’.","trans:beyond, across + act:to do + ion:noun of action => transaction",transaction + s || transaction + ed || transaction + ing || transaction + s,Would the word transaction be used for these situations? || Explain why/why not: || You pay the bus driver for a ticket to school. || A boy gives his sister a present for her birthday. || Your neighbour gives you $5 to sponsor you in the school fun run. || Your neighbour buys a fundraising chocolate from you.,,
1,2,1,1,command,com | mand,,To command is to give an order or instruction that must be obeyed.,The police commanded the criminal to stop running.,A king may command his subjects to kneel before him.,,"If you are asked to pass someone the water when you’re at a café, it’s not a command because you don’t have to obey it – but it is polite to do as you’re asked!",verb :: My sister :: commanded the dog to sit. || noun :: The army general :: gave outrageous commands.,"Command is of Latin origin, from commendare ‘to recommend, entrust to’, and came to English through Old French, in which it meant ‘to order’. || The current meaning of ‘to have authority or supreme power’ is from the late 14th century.","com:with, together + mand:to order => command",command + s || command + ed || command + ing || command + er || command + s,Would the word command be used for these situations? || Explain why/why not: || The instructions that a boss gives to his workers. || When the teacher tells you to sit quietly on the mat. || Asking a friend to play footy with you at recess. || When you need to wear a helmet when riding a bike. || What are some commands that you hear at school? || What commands do you hear at home? || Who are some people who give commands? || Tell the person next to you why they are able to do this.,,
1,2,1,2,demand,de | mand,,To demand is to ask for something in a forceful way.,Mr Jones demanded that the class get in out of the rain.,The hijackers were demanding a million-dollar ransom.,The crying child is demanding that his mother buy him an ice cream.,,verb :: The toddler :: demanded more TV time. || noun :: The demand for lemonade in the drink fountains :: was unlikely to be agreed to. || adjective :: The obstacle course :: was very demanding for a 5-year-old.,"Demand is of Latin origin, from demandare, meaning to ‘entrust, charge with a commission’. || It was originally used as a legal term for when you ‘ask for something as a right’ (i.e. it was owed to you).","de:un, down, off, totally, out, away + mand:to order => demand",demand + s || demand + ed || demand + er || demand + ing || demand + ly,Example or non-example? || Your parent telling you to get in the car right now. || A person insisting to a waiter that they have to have the table by the window. || Your little sister asking if she can borrow your shoes. || Your little sister stomping her feet and yelling that you have to let her borrow your shoes. || When the police tell someone to stop their car.,,
1,2,1,3,mandate,man | date,,To mandate something is to make it something you must do.,The school mandated that hats had to be worn at playtime.,The proposed law would mandate the use of solar power instead of fossil fuels.,The students wished they could mandate a three-day weekend.,There is no mandate to eat your lunch – but it is a good idea so you don’t run out of energy.,verb :: The local council :: mandated that all residents keep their garden tidy. || noun :: The mandate :: will give Mr. Jones the authority to clean up the town.,"Mandate is of Latin origin, from mandatum, meaning || ‘commission, command, order’. Manus, meaning ‘hand’ and dare meaning ‘to give’. Literally, ‘to give into one’s hand’. || By the 1500s, mandate was being used mostly to refer to judicial or legal orders.",man:hand + date:to give => mandate,mandate + s || mandate + ed || mandate + ing,Write sentences using at least two of the words you build.,,
1,2,1,4,countermand,coun | ter | mand,,To countermand is to cancel an order or command.,I am unable to countermand Principal Smith’s order.,"As it became clear that retreat was impractical, the orders were countermanded.","After the police successfully locked the suspect in the police van, they countermanded the order for back up.","If your teacher tells you to do something and your friend suggests that you don’t follow the teacher’s direction, that is not countermanding the teacher because your friend doesn’t have the authority to cancel the teacher’s order.",verb :: The officer :: countermanded the general’s order.,"Countermand is from an Anglo-French and Old || French word contremander. || Countre, from the Latin contra, meaning ‘against’ and mander, also from Latin meaning ‘to order’. || This word has been part of English for over 600 years. || In the military, soldiers are mandated (ordered) to follow the commands of the officers. To revoke or issue new orders is to countermand a previously given order. || The word is usually used in situations when a mandate (or order) has been given (e.g., police, law, military, government).",counter:against + mand:to order => countermand,countermand + s || countermand + ed || countermand + ing,,,
1,2,2,1,supervise,su | per | vise,,"To supervise something is to watch closely to make sure it is done correctly, or to watch people to make sure they are safe and behave well.",At least one teacher must supervise a class at any one time.,A building supervisor makes sure that the building is constructed correctly and safely.,"Small children need to be supervised closely around water, like swimming pools and lakes.","If the lifeguard at the pool is sitting in a shady spot reading a book, they are not supervising because they’re not watching closely.",verb :: The lifeguard :: supervised the busy beach.,"Supervise is of Latin origin, from supervidere, meaning ‘to oversee or inspect’. || During Medieval times, the word supervide was also used, but that stopped being used hundreds of years ago.",super:over + vis(e):to see => supervise,supervise + s || supervise + ed || supervise + ing || supervise + ion || supervise + or || supervise + s,Would the word supervise be used for these situations? || Explain why/why not: || You watch your little brother measure food for your cat to make sure he gives the cat enough to eat. || A teacher stands at the bus stop to help students catch the right bus after school. || The person looking after an exhibition at the art gallery falls asleep. || Your grandparent watches while you ride your bike around the park. || You have a babysitter who sends you outside to play while they sit inside on their phone. || When are you supervised at school? || What is something that you might supervise to make sure it’s done correctly? || Who might be a supervisor as part of their job?,,
1,2,2,2,visible,vis | ible,,"If something is visible, you can see it.",Is your classroom visible from the carpark?,More stars are visible in the country than the city because there is less light pollution from the streetlights and buildings.,,Bacteria is not visible to the naked eye.,adjective :: Firefighter’s uniforms :: are designed to be visible through thick smoke.,"Visible is of Latin origin, from visibilis, meaning ‘that which may be seen’.",vis:to see + ible:capable of => visible,visible + in || visible + ly,Example or non-example? || The black lines at the bottom of a swimming pool. || The sun on a clear day. || The moon on a cloudy night. || The Wi-Fi signal. || Someone standing in the middle of the oval on a clear day. || Someone standing in the middle of the oval on a very foggy day.,,
1,2,2,3,improvise,im | pro | vise,,To improvise is to make something up on the spot.,Some actors improvise their lines during a play instead of following the script.,"You can improvise a cubby house out of a large cardboard box, some long branches and an old bedsheet.","If you unexpectedly have a sleepover at a friend’s house, you might improvise a bed out of the cushions from the couch and a blanket.","If you follow the instructions to put a new Lego structure together very carefully, you are not improvising, because you are not making up the plans as you go.",verb :: The ballerina :: improvised her solo dance. || verb :: The library :: provides students with books to borrow.,"Improvise is of Latin origin, from the word improviso, || meaning ‘unforeseen, not studied or prepared || beforehand.’ || It came to English from Italian in 1808 and was used to refer to singing or speaking without having prepared ahead of time. || Provide has been used in English for much longer, since the 1500s, and also comes from Latin.",im:not + pro:forward + vis(e):to see => improvise,improvise + s || improvise + ed || improvise + ing || improvise + ion || improvise + er/or || improvise + s,Write sentences using at least two of the words you build.,,
1,2,2,4,revise,re | vise,,To revise something is to look at it to edit it or remember it better.,Teachers always ask students to revise their work before handing it in.,We revise previous lessons so we don’t forget what we have learned.,Dictionaries and encyclopedias are revised frequently to make sure they are up-to-date.,"If you glance at something twice, you are not revising it, because to revise you must be looking at it carefully to improve it or remember it better.",verb :: The student :: revised her notes before the test. || verb :: The author :: revised the draft of his novel.,"Revise is of Latin origin, from revisere, meaning ‘to look again’, and has been used in English since the 1560s.","re:back, again + vis(e):to see => revise",revise + s || revise + ed || revise + ing || revise + er || revise + ion || revise + s,,,
1,2,3,1,biology,bio | logy,,Biology is the science that studies living things.,"If you study biology, you learn about how plants, animals and even viruses live and grow.","Many people think marine biology means you work with dolphins all day, but it often means learning about seaweed and algae!","Human biology is the science of how our hearts, lungs, muscles and brains work.",,noun :: Biology :: is her favourite science topic. || noun :: We :: compare living and non-living things in biology lessons.,"Biology is of Greek origin. It was made up in 1802 by || two different scientists – one in Germany and || one in France – who apparently both came up with the new word without having spoken to each other. || Scientists often used Greek to make up new words to describe the new sciences they were studying, because they admired the philosophers and academics of Ancient Greece, such as Plato and Aristotle. The Ancient Greek philosophers did not often understand exactly how the natural world works, but they made lots of progress with maths, and prioritised rational thinking about the world.",bio:life + logy:study of => biology,,Would the word biology be used in these situations? || Explain why/why not? || Studying whether plants grow better in sunlight than in the dark. || Learning about how the heart pumps blood in our bodies. || Learning about the different states in Australia. || Comparing how fish and whales are able to breathe.,,
1,2,3,2,biography,bio | graphy,,A biography is an account of someone’s life that is written by someone else.,"Biographies are often written about world leaders, like Nelson Mandela or Queen Elizabeth.",A biography has to stick very close to the truth because it’s about the real events of someone’s life.,"Many people like to read biographies of their favourite athlete like Lionel Messi, or favourite musician, like Taylor Swift.",,noun :: Albert Einstein’s biography :: sells many copies around the world.,"Biography is of Greek origin, from the word biographia, and it is likely that it came into English from Medieval Latin.","bio:life + graphy:a writing, drawing or picture of => biography",biograph(y) + er => biographer,Example or non-example? || A short story of the main events in Sam Kerr’s life. || A newspaper article about the life of a local business owner. || The story of Harry Potter. || A newspaper article about the history of the town you live in.,,
1,2,3,3,geology,geo | logy,,Geology is the science that studies the structure of the Earth.,"If you study geology, you learn about how mountains, rivers, seas and other landforms are made.","Geology helps companies find precious minerals, like gold and iron ore, by studying different types of rocks that have those minerals in them. Geology is also used to find and dig up fossils.",Geology can also help us to understand earthquakes and volcanic eruptions.,,noun :: We :: learn about the three types of rock in geology. || noun :: The geography of our area :: is mostly flat with some small hills.,"Geology is of Greek origin, from geologia, meaning ‘the study of the Earth’. However, it first came to English from Latin, and originally meant ‘the study of the things of the Earth’, as opposed to what people at the time considered to be the works of God. || Geography is also of Greek origin and comes from the word geographia, meaning ‘description of the Earth’s surface’.","geo:earth + logy:study of => geology || geo:earth + graphy:a writing, drawing or picture of => geography",,Word Associations || geology – biology || geology – geography || biography – geographer,,
1,2,3,4,autograph,auto | graph,,An autograph is the signature of someone famous.,Some people like to collect autographs of celebrities.,"After a concert, you might wait for the musician to autograph your shirt.",Some rare autographs can sell for thousands of dollars.,,noun :: Queen Elizabeth’s autograph :: is very expensive. || verb :: Taylor Swift :: autographed hundreds of baseball caps.,"Autograph is of Greek origin, from the word autographos, meaning ‘written with one’s own hand’. || It originally referred to anyone’s signature, but over time, it has been used to refer specifically to the signature of celebrities and other famous people.","auto:self + graph:a writing, drawing, or picture of => autograph || autograph + s => autographs || autograph + ed => autographed || autograph + ing => autographing || auto + bio + graphy => autobiography",,Write sentences using at least two of the words you build.,,
1,2,4,1,correct,cor | rect,,"Something correct is right and true, and to correct something is to make it right.",Correct spelling makes your work look better and also makes it easier for a reader to follow your ideas.,Teachers spend a lot of time correcting students’ work.,,"If you don’t follow a recipe correctly, you might end up with a rock-hard cake or inedible muffins!",verb :: The student :: corrected her punctuation before she handed in her story. || adjective :: The netball referee :: made the correct decision to award a foul.,"Correct is of Latin origin, from correctus, meaning ‘to put straight or to set right’.","cor:with, together + rect:to put or keep straight => correct",correct + s || correct + ed || correct + ing || correct + ive || correct + able || correct + or || correct + ion || correct + s,Would the word correct be used for these situations? || Explain why/why not: || All the answers to a page of a maths problems are right. || The bus driver follows the route to school without missing any stops or having to double back to pick someone up. || Your teacher spends lunchtime fixing errors in a spelling test. || You write yesterday’s date at the top of your page. || Putting cardboard in the general rubbish bin instead of the recycling bin. || When do you make corrections to your work? || What is something that always needs to be done correctly when: || - cooking food? || - playing sport? || - playing a board game?,,
1,2,4,2,direct,dir | ect,,"If something is direct, it is straight to the point, or you aim straight towards something else.",Can you direct me to the canteen from here?,Lots of students walk directly across the oval to class instead of going around the long way on the path.,"A direct answer is usually better than a long, rambling story that never gets to the point!",,"verb :: The worker :: directed traffic through the roadworks. || noun :: The four directions :: are North, South, East and West. || noun :: The police officer :: gave a directive to the driver to pull over.","Direct is of Latin origin, from directus, meaning ‘to set straight’ or ‘guide’. || It was first used to mean writing an address on a letter so that it was sent, or directed, to the correct person.","di:away, apart + rect:to put or keep straight => direct",direct + s || direct + ed || direct + ing || direct + ly || direct + or || direct + ion || direct + ive || direct + s,"Example or non-example? || Aiming a ball at a target. || Telling a friend how to find something in your kitchen. || Going to the shops to buy new pencils for school, but on the way to the stationery section in Kmart you look at the clothes, the sports equipment, and the toys. || Someone asks if you liked a story, and you tell them you thought the pictures were nice and that you like other books by this author, before you say that it maybe wasn’t your favourite book ever, that it was fine, but just not your thing, although maybe you are wrong … || Someone asks If you liked a story and you tell them you did not.",,
1,2,4,3,rectangle,rect | angle,,A rectangle is a shape that has four sides and all four corners have 90 degrees.,A soccer field is a rectangle because it has four sides and each corner has 90 degrees.,"A diamond cannot be a rectangle because while it has four sides, two corners must be bigger than 90 degrees and two must be smaller than 90 degrees.",,"All squares are rectangles because they have four sides and four corners with 90 degrees each, but not all rectangles are squares – to be a square, all four sides must also be the same length.",noun :: Most boxes :: are rectangles. || adjective :: Rectangular objects :: are easier to stack than round objects.,"Rectangle is of French origin, from the Latin root ‘rect’ and the French word ‘angle’. || Before it was introduced to English, rectangular shapes were actually called ‘long squares’.",rect:to put or keep straight + angle:angle or corner => rectangle,"rectangle + s || rectangle + (ul)ar || rectangle + having the nature of, of the kind of",Write sentences using at least two of the words you build.,,
1,2,4,4,erect,erect,,To be erect is to stand up straight and to erect something is to put it up.,The guards outside Buckingham Palace stand very erect all day long.,The family erected their tent on their campsite.,Gardeners often erect climbing frames for climbing plants like tomatoes and grapevines.,"If you slouch over and hunch your shoulders, you are not standing erect.",verb :: The sports teacher :: erected the faction banners for the sports carnival. || verb :: The photographer :: told the students to stand erect for the class photo.,"Erect is of Latin origin, from erectus, meaning ‘upright’ or ‘not bending’, and has been used in English since the 1400s.","e:up, out of + rect:to put or keep straight => erect",erect + s || erect + ed || erect + ing || erect + ly,,,
1,2,5,1,produce,pro | duce,,"If you produce something, you make it or create it.",Dad produced a healthy dinner for the whole family.,Sally planned to produce a great painting.,Trees typically produce apples during the colder months.,"If you assemble a chest of drawers, you don’t produce it because you didn’t make it or create it, you just put it together.",verb :: Toyota :: produces millions of cars each year. || verb :: The boy :: worked hard to produce his best work. || noun :: All products :: are half-price this week! || noun :: The store :: sold a variety of fresh produce.,"Produce is of Latin origin, from the word producere, || meaning ‘to bring forth or draw out’. || The word developed over the years and is now used in the following contexts: || From the 1520s, used to refer to giving birth (animals or plants), e.g. The hen produced ten chickens. || From the 1580s, used to refer to putting on a play, e.g. The Shakespeare Company produced the play “The Twelfth Night”. || From the 1820s, used in reference to the economy, to create goods/manufacture, e.g. Australia produces sheep and wheat.","pro:forward + duce:to lead, bring forward => produce",produce + s || produce + ed || produce + ing || produce + ive || produce + er || produce + ion || produce + s,Would the word produce be used for these situations? || Explain why/why not: || When a farm grows wheat. || When Ikea makes furniture. || When I compose a new song. || When a supermarket sells eggs. || What do you produce during art lessons? || What about when you are cooking?,,
1,2,5,2,conduct,con | duct,,To conduct something is to guide or lead it.,I decided to conduct an experiment.,The council conducted a survey of the rubbish being put in the recycling bins.,"Copper is used to conduct electricity through cords to devices like lights, fridges, and washing machines.","If you follow someone’s directions during a game, you are not conducting the game, because you are not guiding or leading it.",verb :: Metals :: conduct heat better than wood and rubber.,"Conduct is of Latin origin, from the word conductus, meaning ‘to lead or bring together’. || It was originally a military term, meaning to lead, command, manage, direct.","con:with, together + duct:to lead, bring forward => conduct",conduct + s || conduct + ed || conduct + ing || conduct + ive || conduct + ible || conduct + or || conduct + ion || conduct + s,Example or non-example? || Doing an experiment. || Leading an orchestra. || Guiding a visitor from the car park to the office. || You tell someone how to get from the carpark to the office without taking them there. || Making a cake. || Lightning hits a streetlight and runs down the pole into the ground.,,
1,2,5,3,reduce,re | duce,,"To reduce something is to make it smaller in size or amount, or less in degree.",A healthy lifestyle reduces the risk of heart disease.,Swapping biscuits for carrot sticks reduces sugar consumption by 25 percent.,The new playground reduced the amount of space available for playing soccer.,"If you rearrange your toys, but don’t throw any out, you are not reducing the number of toys you have.",verb :: The gardener :: reduced the number of weeds. || verb :: Our school :: is reducing waste by recycling,"Reduce is of Latin origin, from reducere, meaning ‘to lead back, lead back, bring back, restore’. || The specific meaning ‘to bring an inferior condition’ (i.e. smaller) came from the military where you could have your rank ‘reduced’ (brought to a lower rank). In the 1700s it expanded to cover all things that were ‘lowered or diminished’ by making them smaller. The belief was that as things improved, they got bigger/higher, hence to go back (re-) was to make inferior/smaller (lead back).","re:back, again + duce:to lead, bring forward => reduce",reduce + s || reduce + ed || reduce + ing || reduce + ible || reduce + ive || reduce + ion || reduce + s,,,
1,2,5,4,deduce,de | duce,,To deduce is to reach a conclusion because of other things you know to be true.,The teacher deduced that Harry ate Jill’s lunch because of the crumbs on his desk.,My sister deduced that I borrowed her oversized red jacket after seeing it in my bag.,Alison cleverly deduced that I was the author of the letter.,"If you make a guess without having any evidence, or thinking about evidence, then you are not deducing because you are not using your knowledge of other things that are true.",verb :: Primrose :: deduced that John owned a cat based on the cat biscuits in his shopping trolley. || verb :: The teacher :: deducts 10% for every day an assignment is late.,"Deduce is of Latin origin, from the word deducen, meaning ‘to show, prove, demonstrate’. || It is also related to the Latin word deducere which means ‘to lead down, derive’.","de:un, down, off, totally, out, away + duce/duct:to lead, bring forward => deduce",deduce + s || deduce + ed || deduce + ing || deduce + ible || deduce + ive || deduce + ion || deduce + s,Write sentences using at least two of the words you build.,,
1,2,6,1,kilometre,kilo | metre,,A kilometre is a distance of 1000 metres.,"If you fly in a straight line, it is 3290 kilometres from Perth to Sydney.","Car speeds are measured in kilometres per hour, or how many thousands of metres you would travel if you kept at that speed without stopping.",Most people walk about 4 kilometres per hour.,,noun :: One kilometre :: is the distance from our school to the shops.,"Kilometre is of Greek origin, but was first used in || French when they developed the metric system of || measurement. ‘Metric’ also comes from ‘metre’ and means ‘a system of weights and measures based on the metre’ and which uses units of 10. || Before this, people measured distances using miles, which were 1000 paces; a yard, which was the length of a stick; and a foot, which was the length of a man’s foot. There were 12 inches to a foot, 3 feet to a yard and 1760 yards to a mile – not very easy to remember!",kilo:thousand + metre:measure => kilometre,kilometre + s => kilometres,"Would a kilometre be used to measure these things? || Explain why/why not: || The distance from Paris, France to London, England. || The speed at which a cheetah can run. || The speed at which a snail can travel. || The length of your desk. || How many kilometres can you run? || What could you measure in kilometres? || How many kilometres is the Great Wall of China? || The distance from the Earth to the Moon? || The distance from the Sun to Mars? || (21 926 km) || (384 400 km) || (208.65 million km) || Apply",,
1,2,6,2,millimetre,mil | li | metre,,A millimetre is a thousandth of a metre.,One thousand millimetres is one metre.,Carpentry nails and bolts are usually measured in millimetres.,Millimetres are too small a measurement for things like the length of a road or the distance between cities.,,noun :: One millimetre :: is about the width of a pen tip. || noun :: The jeweller :: measured the wedding ring in millimetres.,"Millimetre has been in used in English since 1802, and was || originally from French. || Metre comes from the Greek word metron, meaning ‘a verse’ – which gives us the use of the word in poetry – as well as ‘that by which anything is measured’. || When the metric system of measurement was developed, metre was chosen as the ‘fundamental unit of measurement’. || So that everyone uses a metre that is the same size, the length of a metre was first set at one ten-millionth of the distance from the Equator to the North Pole. Since 2019, a metre has been set as the length of the path light can travel in a vacuum within 1/299 792 458th of a second.",milli:thousand + metre:measure => millimetre,,Example or non-example? || The length of a fingernail || One thousandth of a metre || One thousand metres || The width of a blueberry,,
1,2,6,3,milligram,mil | li | gram,,A milligram is one thousandth of a gram.,"Small things you can see, like a strand of hair, a grain of salt, or an ant could be measured in milligrams.","If you add a teaspoon of salt when you are cooking two trays of choc-chip biscuits, you will only eat a few milligrams of salt in one biscuit.",,A bag of flour would not be weighed in milligrams because this unit of measurement is too small for that amount of flour.,noun :: One milligram :: is about the weight of a snowflake.,"Milligram uses both Latin and Greek morphemes, because using another term for ‘milli’ helps us to see the difference between something that is one thousand times bigger (kilo) or one thousand times smaller (milli). It was also first used in French.",milli:thousand + gram:small weight => milligram,milligram + s => milligrams,Write sentences using at least two of the words you build.,,
1,2,6,4,microgram,mi | cro | gram,,"A microgram is one millionth of a gram, which is how much something weighs.","Micrograms are used to measure things we only need a tiny amount of in our diet, like vitamins and minerals (e.g., iron).","Pharmacists and chemists use micrograms to make medicines, like paracetamol or antihistamines.","If there is a lot of smoke or other pollution in the air, weather agencies can measure the pollution using micrograms per square metre of air.",,noun :: Children :: should have about 45 micrograms of Vitamin C per day.,Microgram is of Greek origin. It was first used by the international scientific community in about 1890. || It is unclear who first came up with the word but it appears to have been used in French first.,micro:small + gram:small weight => microgram || microgram + s => micrograms || micro + metre => micrometre || kilo + gram => kilogram,,Write sentences using at least two of the words you build. || Match the examples to the appropriate unit of measurement:,,
1,2,7,1,precede,pre | cede,,To precede something or someone is to go in front or before them.,He allowed Alice to precede him when he exited the room.,The clowns were preceded by the dancing horses.,,"An index does not precede any sections of the book, because it is always found at the end.",verb :: The children :: preceded the teacher into the classroom. || adjective :: The preceding day :: was very stormy.,"Precede is of Latin origin, from the word preceden, meaning to ‘lead the way, go before in time or order’.","pre:before + cede:to give way, yield => precede",precede + s || precede + ed || precede + ing,Would the word precede be used for these situations? || Explain why/why not: || You enter the room before your best friend. || The last chapter in the book. || When you let your friend get a drink first. || Two cars pull into the carpark at the same time. || What is a situation when you might let someone precede you? || Can you think of a situation when someone else has let you precede them?,,
1,2,7,2,concede,con | cede,,"To concede something is to admit, often unwillingly, that it is true or right, or to give something to someone else, often reluctantly.",The student finally conceded that he did not hear what the teacher had asked him.,The protest ended after the company conceded to some of the workers’ demands.,,"If you do something wrong and you don’t admit it when you’re caught, then you have not conceded it.",verb :: The politician :: conceded the election to his opponent.,"Concede is of Latin origin, from the word concedere, meaning ‘to give way, yield, depart’. || Originally, to concede was to ‘admit as true’, but later used to also mean ‘to admit defeat’.","con:with, together + cede:to give way, yield => concede",concede + s || concede + ed || concede + ing,Example or non-example? || Admitting that Mum was right about needing a jumper at school. || Discussing with your friend which soccer team is the best. || Letting your brother have the last piece of chocolate cake because you want to cheer him up after a bad day. || Letting your brother have the last piece of chocolate cake after he wins the arm wrestle.,,
1,2,7,3,intercede,in | ter | cede,,To intercede is to step into someone else’s argument or problem to help them.,"If you intercede when two of your friends are having an argument, you are trying to help them reach an agreement.",You may hope that your sister or brother will intercede on your behalf when you are told off by your parents.,The mayor interceded on behalf of the woman’s son to have his prison sentence reduced.,"If you get involved in an argument because you helped to start it, then you would not be described as interceding.",verb :: The King :: interceded to pardon the prisoner.,"Intercede is of Latin origin, from inter, meaning ‘between’, and cedere, meaning ‘to go, yield’. || Previously, intercede was used to mean ‘to come between in space or time’. || It has been used to mean ‘to act on behalf of another’ since the early 1600s.","inter:between + cede:to give way, yield => intercede",intercede + s || intercede + ed || intercede + ing,,,
1,2,7,4,recede,re | cede,,If something recedes it moves away or becomes smaller.,The light receded as the sun set over the horizon.,"By middle-age, many men’s hairlines have started to recede.",,"Something going backwards is not receding, unless it is also moving further away.",verb :: The water :: receded from the shore.,"Recede is of Latin origin, from the word recedere, meaning ‘to go or fall back’. || It was first used in the early 15th century.","re:back, again + cede:to give way, yield => recede",recede + s || recede + ed || recede + ing,Write sentences using at least two of the words you build.,,
1,2,8,1,prescribe,pre | scribe,,To prescribe something is to advise or order it.,A doctor might prescribe antibiotics to cure an infection.,A physiotherapist often prescribes exercises to reduce their client’s pain or improve their strength.,,"If you make a guess for how to solve a problem, but aren’t confident that your suggestion will work, then you would not say you prescribed the solution.",verb :: The optometrist :: prescribed glasses for the young boy. || noun :: The prescription :: stated to take one tablet every four hours.,"Prescribe is of Latin origin, from the word praescribere, meaning ‘to write previously’. || It has been used in the medical sense, meaning to ‘advise, appoint, or designate as a remedy for a disease’ since around the 1580s. Prescription, meaning ‘written directions from a doctor’ has been used since the 1570s.",pre:before + scribe/script:to write => prescribe,prescribe + s || prescribe + ed || prescribe + ing || prescribe + er || prescribe + ive || prescribe + able || prescribe + ion || prescribe + er || prescribe + s,Would the word prescribe be used for these situations? || Explain why/why not: || You are told by the doctor you have asthma. || Your doctor tells you to get a puffer from the pharmacist and to use it twice per day. || The specialist tells you to walk for 30 minutes every day. || The specialist refers you for an x-ray. || Who is able to prescribe medicines or treatments? || When might you be prescribed something? || Can you think of a time you were given a prescription?,,
1,2,8,2,inscribe,in | scribe,,To inscribe something is to write or carve words on it.,They asked the jeweller to inscribe their initials on their wedding rings.,The name of the winning team was inscribed on the trophy.,It was hard to read the words inscribed on the wall of the ancient tomb.,Writing in chalk on the wall is not inscribing because it is not carved into the wall.,verb :: My grandmother’s locket :: was inscribed with her birth date. || noun :: The inscription :: had begun to fade over time. || noun :: The archaeologist :: could not read the inscription on the clay jug.,"Inscribe is of Latin origin, from the word inscribere, meaning ‘to write on or in something’. || It has been used since the mid-16th century.","in:in, into, on, upon + scribe/script:to write => inscribe",inscribe + s || inscribe + ed || inscribe + ing || inscribe + ion || inscribe + s,Example or non-example? || Carving your initials onto your wooden bedframe. || Decorating your bedroom with stickers. || Thanking everyone who donated money to the museum in a speech. || Writing the names of the museum donors on the walls of the building.,,
1,2,8,3,subscribe,sub | scribe,,"If you subscribe to a service, you sign up to get it regularly.",Companies email newsletters to people who have subscribed to their mailing list.,"If you subscribe to your favourite YouTube channel, you get notified when they release a new video.","Many people subscribe to the West Australian newspaper, which means it is delivered to their house every day.",,verb :: YouTubers :: ask their viewers to subscribe to their channel. || noun :: My family :: watches movies using our Netflix subscription.,"Subscribe is of Latin origin, from subscribere, meaning ‘to write, write underneath, sign one’s name, or register’. || It has been used since the mid-15th century.",sub:under + scribe:to write => subscribe,subscribe + s || subscribe + ed || subscribe + ing || subscribe + able || subscribe + ion || subscribe + s,,,
1,2,8,4,postscript,post | script,,A postscript is added below a piece of writing to give additional information.,You could add a postscript to your letter if you forget to include an important bit of information.,P.S. is an abbreviation of postscript and is often used in letters and emails.,,The conclusion of a story or report is not a postscript because it is part of the piece of writing instead of something added after it is finished.,noun :: The hastily written letter :: contained a postscript asking Jim to bring his bathers.,"Postscript is of Latin origin, from the words post scriptum, meaning ‘written after’. || It was first used in the mid-16th century.",post:after + script:to write => postscript,postscript + s,Write sentences using at least two of the words you build.,,
1,2,9,1,transform,trans | form,,To transform means to change into something else.,The human body transforms food into energy.,Your parents might transform the spare room in your house into a bedroom if you are about to get a new brother or sister.,,"If you get a haircut, you might feel fresher, but you have not changed into something else so you have not transformed.",verb :: The caterpillar :: transformed into a beautiful butterfly.,"Transform is of Latin origin, from the word transformare, meaning ‘change in shape, metamorphose’. || It has been in use since the 14th century and was initially used to refer to something that appeared to have changed as if by magic.","trans:across, beyond + form:to shape, to form => transform",transform + s || transform + ed || transform + ing || transform + able || transform + er || transform + s,Would the word transform be used for these situations? || Explain why/why not: || Putting on a costume and make up to make yourself look like a pirate. || Changing into your sports uniform. || Renovating a shipping container so that it can be used as a house. || Changing the boxes stored inside a shipping container. || Can you think of any animals that transform during their lifespan? || Can you think of a time when you transformed something?,,
1,2,9,2,information,in | form | a | tion,,"Information refers to knowledge, facts, or opinions about a person or thing.","People will often want to find out more information by reading reviews before buying something expensive, like a washing machine.",Companies are required to keep their customers’ personal information private.,An atlas contains information about the Earth in the form of maps and charts.,Guesses or made-up stories about something are not information because they are not knowledge or facts.,noun :: Many people :: watch the news to find out information about world events. || adjective :: David Attenborough documentaries :: are typically very informative.,"Information is of Latin origin, from the word informationem, meaning ‘outline, concept, idea’. || It has been used since the late 14th century.","in:in, into, on, upon + form:to shape, to form + (at)ion:noun of action => information",information + noun of action || information + (at)ive || information + having the quality or tendency of,Example or non-example? || Roald Dahl’s ‘Charlie and the Chocolate Factory’. || The instructions in the user manual for your television. || The list of ingredients in the biscuits you bought from Woolworths. || A comedy sketch show on YouTube.,,
1,2,9,3,reform,re | form,,To reform something is to change or improve it.,"After a recession, the government may try to reform the country’s economy.","A criminal may reform their behaviour, which means they stop committing crimes.",,To remake something the same way is not reforming it because it is not changed.,verb :: The school :: reformed its uniform policy.,"Reform is of Latin origin, from reformare, meaning ‘to form again, change, transform, alter’. || It has been in use since the late 14th century.","re:back, again + form:to shape, to form => reform",reform + s || reform + ed || reform + ing || reform + able || reform + (at)ive || reform + (at)ion || reform + er || reform + s,,,
1,2,9,4,uniform,uni | form,,"If something is uniform, it is even and regular, or the same in appearance.",The carrots were chopped into sticks of uniform size and thickness.,He applied the hair dye carefully to make sure the colour was uniform.,All of the desks in the classroom were uniform in appearance.,Cars in a car park are not usually a uniform size or shape.,adjective :: Machines :: create products that are more uniform than those created by humans. || noun :: The West Coast Eagles’ uniform :: is blue and yellow.,"Uniform is of Latin origin, from the word uniformis, meaning ‘having only one form or shape’ and has been used since the 1530s. || It has been used to mean ‘distinctive clothes worn by one group’ since 1748.","uni:one + form:to shape, to form => uniform",uniform + s || uniform + ed || uniform + ing || uniform + ly,Write sentences using at least two of the words you build.,,
1,2,10,2,excessive,ex | cess | ive,,"If something is excessive, it is more than what is really needed.",The enormous Kardashian house is excessive for the small number of people who live there.,Twelve birthday cakes were an excessive amount for the small party.,Football players are given penalties if they tackle with excessive force.,"Buying 200 sausages for a sports carnival is not excessive, even though it’s a lot of sausages, because it’s probably not more than what would be needed.",adjective :: The excessive party :: cost more than $100 000. || adjective :: Excess food :: will be put in the green waste bin. || verb :: The class’s results :: exceeded the teacher’s expectations.,"Excessive is of Latin origin, from excedere, meaning ‘to depart or go beyond the bounds of reason’. || It came to English through French and meant something outrageous or extravagant.","ex:out, away + cess:to give way, yield + ive:having the quality of => excessive",excessive + s/es || excessive + ed || excessive + ing || excessive + ly,"Would the word excessive be used for these situations? || Explain why/why not: || Wearing a lifejacket, arm floats and goggles to sit in a paddling pool. || Using a whole loaf of bread to make one sandwich for lunch. || Wearing a helmet and enclosed shoes to ride your bike. || Ten people are coming to your birthday party, so you buy one large birthday cake. || When might someone be: || - excessively polite? || - excessively quick? || - excessively slow? || How might you know if you have packed an excess of clothes for a weekend trip?",,
1,2,10,3,indescribable,in | des | crib | able,,Something indescribable is too intense or extreme for words – it is beyond description.,The pain caused when she broke her collar bone was indescribable.,Bella gazed at the indescribable beauty of the sunset over the ocean.,The stench from the rotten seaweed was indescribable.,"A school playground at lunchtime is probably not indescribable, because it is probably not unusual or extreme enough to be beyond description.",adjective :: The view from the mountaintop :: is indescribable.,"Describe is from the Old French descrivre and directly from Latin describere meaning ‘to write down, sketch or represent something’. || In the 1700s, indescribable began to be used for something that was not able to be described.","in:not + de:un, down, off, totally, out, away + scribe:to write + able:capable of => indescribable",indescribable + ly,Example or non-example? || The love a father has for his children || An old country cottage || The terror and misery caused by war || The experience an astronaut feels when looking down at Earth from space || A fluffy baby chick || The feeling of holding a fluffy baby chick in the palm of your hand,,
1,3,1,1,bicycle,bi | cycle,,A bicycle is a two-wheeled vehicle that you ride by pushing pedals with your feet.,Some people ride bicycles to work or school.,The law states that you must wear a helmet when riding a bicycle.,,A four-wheeler is not a bicycle because it has more than two wheels.,noun :: My tricycle :: has a flat tyre. || noun :: The children :: rode their bicycles to the park after school.,"Bicycle is of Greek and Latin origin, from bi, meaning ‘two’, and kyklos, meaning ‘circle, wheel’. || It has been in use since 1868. Bicycles replaced a previous mode of transport, called the velocipede. || The Greek form kyklos also gives us the name of a monster: cyclops. A cyclops had one round eye: cycl meaning ‘circle, wheel’ and ops meaning ‘eye’.","bi:two + cycle:circle, wheel => bicycle || tri:three + cycle:circle, wheel => tricycle",bicycle + s => bicycles || bicycle + ed => bicycled || bicycle + ing => bicycling,Would you use a bicycle in these situations? || Explain why/why not: || Inside a shopping centre. || To travel to the local shops. || Riding along the cycle path next to the coast. || On the sand at the beach. || When did you last ride a bicycle? || Where did you ride it to?,,+ A two-wheeled vehicle you move by pushing the pedals. || + What you lock to the rack outside the school gate. || - A four-wheeled quad bike with an engine. || - A skateboard you push along with one foot.
1,3,1,2,cyclist,cyc | list,,"A cyclist is someone who rides, or is riding, a bicycle.",The cyclist was wearing pink and purple lycra.,A peloton is the collective noun for a group of cyclists in a race.,,Someone riding a scooter is not a cyclist because they are not riding a bicycle.,noun :: The cyclist :: swerved to miss the pothole in the road. || noun :: Many roads :: have specific lanes for cyclists to use.,"Cyclist is of Greek and Latin origin, from the word bicyclist, meaning ‘one who rides a bicycle’. || It was first used in 1882.","cycle:circle, wheel + ist:one who does => cyclist",cyclist + s:=      cyclists,"Example or non-example? || Someone who is competing in the Tour de France. || A race car driver. || A person who frequents a velodrome, or special building with a cycle track, on the weekends. || Someone who is travelling to school on an electric scooter.",,+ Someone in a helmet pedalling along the coast path. || + A rider competing in the Tour de France. || - A person riding an electric scooter to school. || - A driver sitting in a car at the traffic lights.
1,3,1,3,cyclic,cyc | lic,,"If something is cyclic, it happens again and again in the same order, like a circle.","The seasons are cyclic, as they occur in the same order every year.","Photosynthesis, where plants convert water and carbon dioxide into sugar and oxygen, is a cyclic process.",,"Going up through the year levels at school is not cyclic, because the levels and what you learn changes each year.",adjective :: The ocean tides :: are cyclic in nature. || adjective :: Cyclic processes :: include the water cycle and the waxing and waning of the moon.,"Cyclic is of Greek and Latin origin, from kyklikos, meaning ‘moving in a circle’. || It has been used since 1794.","cycle:circle, wheel + ic:having the manner or nature of => cyclic",cyclic + al => cyclical || cyclic + al     +:ly,Build words using morpheme tiles: || cycle || bi || tri || -ist || -ic || -s || -ed || -ing,,+ The seasons following each other in the same order every year. || + The moon waxing and waning month after month. || - Moving up to a new year level with new work each year. || - Growing taller as you get older.
1,3,1,4,cyclone,cyc | lone,,A cyclone is a tropical storm in which the wind moves around a circular ‘eye’.,A cyclone forms when an area of low pressure draws in surrounding winds.,Average wind speeds must be greater than 63 kilometres per hour for a storm to be categorised as a cyclone.,"Cyclones are common in the tropics, or areas near the Equator, and northern Australia has about 11 cyclones per year.","A tornado has wind that moves around very quickly, but it is part of a thunderstorm and doesn’t last long, so it is not the same as a cyclone.",noun :: Cyclone Tracy :: destroyed most of Darwin in 1974. || adjective :: The cyclonic winds :: rattled the windows.,"Cyclone is of Greek origin, from the word kyklon, meaning ‘moving in a circle, whirling around’. || The word was coined by a British East India Company officer, named Henry Piddington, in 1848 to describe a huge storm that occurred in Coringa, India, in December 1789.",cyclone:moving in a circle + s:plural => cyclones || cyclone:moving in a circle + ic:having the manner or nature of => cyclonic,,Build words using morpheme tiles:,Most kids ride a tricycle before learning to ride a bicycle. || The cyclonic winds battered the house. || Groups of cyclists are a common sight on the weekend. || Cyclic patterns repeat over time.,"+ A tropical storm with winds spinning around a calm eye. || + A huge storm that crosses the coast of northern Australia in summer. || - A short thunderstorm with a quick spinning funnel of wind. || - A hot, still day with no wind at all."
1,3,2,1,signal,sig | nal,,A signal is a sound or action that sends a message.,"When you hear the school bell, it is a signal that class has finished, or that it is time to return to class.",Traffic lights are signals that help control traffic on the roads and keep people safe.,,"If you shake your head to get your hair out of your eyes, it is not a signal, because you’re not trying to send a message.",noun :: Cyclists :: use hand signals to communicate with other road users. || noun :: Air traffic controllers :: have to learn many signals in order to do their job.,"Signal is of Latin origin, from the word signum, meaning ‘identifying mark, sign’. || It has been used to mean a ‘conventional or agreed upon sign’ since the 1590s.","sign:to give a sign, mark + al:relating to => signal",signal + s || signal + ed || signal + ing || signal + er || signal + s,Could the word signal be used in the following situations? || Explain why/why not: || Clapping your hands at the end of a play. || Telling your friend how much you enjoyed the play you saw at the weekend. || Pulling your sister towards you so she will avoid stepping into a puddle. || The fridge beeping because the door has been left open. || Can you think of any other examples of signals? || When do you encounter signals in your life?,,
1,3,2,2,design,design,,To design something is to make or draw a plan for how to create it.,Part of an architect’s job is to design buildings.,People who design clothing are called fashion designers.,,"Builders use a design to build a house, but usually don’t design it themselves – they don’t come up with the plans for how to create the house.",verb :: I :: designed my costume for Halloween. || verb :: The artist :: was asked to design the cricket team’s new uniform.,"Design is of Latin origin, from the word designare, meaning ‘mark out, point out; devise’. || It has been used since the late 14th century.","de:out, away + sign:to give a sign, mark => design",design + s || design + ed || design + ing || design + er:(at)ion || design + s,Example or non-example? || Drawing a plan of where you would like to plant flowers in your garden. || Creating sewing patterns that are used to make clothing. || Completing a quick sketch of a cat. || Building IKEA furniture.,,
1,3,2,3,resign,resign,,"If you resign from something, you give it up.",The coach of a sports team may choose to resign if their team is performing poorly.,It is common to write a letter to let your boss know that you are resigning.,,"If someone is fired, they are not resigning, because it wasn’t their choice to leave their job.",verb :: Many doctors :: resign due to stress. || verb :: My mother :: worked at her company for three weeks after resigning.,"Resign is of Latin origin, from resignare, meaning ‘to check off, annul, cancel, give back, give up’. || It has been used since the late 14th century.","re:back, undo + sign:to give a sign, mark => resign",resign + s || resign + ed || resign + ing || resign + (at)ion || resign + s,,,
1,3,2,4,assign,as | sign,,To assign something is to give it to someone specific.,Your teacher might assign you homework to complete during the week.,Parents often assign chores to their children in exchange for pocket money.,,"If you reached into a box and picked out an object at random, it has not been assigned to you, because there is not a specific thought behind you having it.",verb :: Everyone in the class :: was assigned a job to help tidy the classroom.,"Assign is of Latin origin, from the word assignare/adsignare, meaning ‘to mark out, to allot by sign, award’ and has been in use since 1300. || It was originally used to mean the transfer of personal property from one person to another.","as:to, towards, near + sign:to give a sign, mark => assign",assign + s || assign + ed || assign + ing || assign + (at)ion || assign + s,Write sentences using at least two of the words you build.,,
1,3,3,1,reflect,re | flect,,To reflect is to give back or show an image or likeness of something.,"Mirrors reflect light, which allows us to see an image.",The boy’s face was reflected in the surface of the pond.,John’s good behaviour reflected his parents’ teachings.,A concrete floor isn’t reflective – it won’t bounce light or an image back to you.,verb :: Glass :: reflects light naturally. || verb :: John :: reflected on his choices.,"Reflect is of Latin origin, from reflectere, meaning ‘to bend back, turn away’. || Reflect has been used in reference to a likeness in a mirror or other shiny surface since the late 14th century. The meaning ‘to think deeply’ is from the 1600s.","re:back, again + flect:to bend => reflect",reflect + s || reflect + ed || reflect + ing || reflect + ive || reflect + ion || reflect + or || reflect + s,Could the word reflect be used in the following situations? || Explain why/why not: || Seeing your face in the mirror. || Wearing the same outfit as your best friend. || Seeing your face in the shop windows as you walk down the street. || Getting a personal-best time in swimming after training for many weeks. || Showing your teacher a photograph of your new puppy. || Can you think of any other examples of reflections? || When do you encounter reflections in your life?,,
1,3,3,2,deflect,de | flect,,To deflect something is to turn away from where it was going to go.,A goalie tries to deflect the ball from the goal.,The politician deflected the tricky question from the journalist by changing the subject.,,"If a goalie caught the ball, it would not be deflected, even if they saved the goal. It would only have been deflected if it was turned away from where it was going, not stopped entirely.",verb :: The boxer :: blocked to deflect the punch || verb :: Jake :: deflected his teacher’s questions about his homework by asking her about her dog.,"Deflect is of Latin origin, from the word deflectere, meaning ‘to bend something down, turn aside’.",de:away + flect:to bend => deflect,deflect + s || deflect + ed || deflect + ing || deflect + ive || deflect + able || deflect + or || deflect + ion || deflect + s,Example or non-example? || Using a shield to turn the arrows away from hitting you. || Making a joke so that your friend doesn’t get upset about something. || Following the map to reach your destination on time. || Owning up and taking responsibility for something that was your fault straight away without making excuses.,,
1,3,3,3,flexible,flex | ible,,"If something is flexible, it is able to bend or be changed easily.","The paintbrush had long, flexible bristles.",The gymnast was extremely flexible.,,"Desks are not flexible because we need a strong, flat surface to write on.",adjective :: The flexible branches :: waved in the breeze. || adjective :: She :: exercised to become stronger and more flexible.,"Flexible is of Latin origin, from flexibilis, meaning ‘that may be bent, pliant, flexible, yielding’.",flex:to bend + ible:capable of => flexible,flexible + in || flexible + ness || flexible + ly,,,
1,3,3,4,reflex,re | flex,,A reflex is an action you do without thinking.,"When the ball came towards him, his reflex action was to catch it.","When food stuck in his throat, the cough reflex helped clear it.",,"If you drop a knife and manage to stop yourself trying to catch it, that is not a reflex – instead, you are acting with careful thought.",noun :: Sneezing :: is a reflex to dust or something else that irritates your nose. || noun :: The netballer’s reflexes :: were lightning fast.,"Reflex is of Latin origin, from reflectere, meaning ‘to bend back or turn away’. It has been in use since the 1500s. || From 1833, a reflex action has been used to refer to ‘a simple, involuntary action of the nervous system’.","re:back, again + flex:to bend => reflex",reflex + es || reflex + ive || reflex + ly || reflex + ness,Write sentences using at least two of the words you build.,,
1,3,4,1,spectacle,spec | tacle,,A spectacle is a strange or interesting sight or an impressive event.,The fireworks display was an impressive spectacle.,The Olympics are an incredible spectacle of sporting achievement.,,Watching a normal football match would not be described as a spectacle unless something very impressive or unusual happens.,noun :: A volcanic eruption :: is a fascinating yet dangerous spectacle to observe. || noun :: The incredible spectacle :: performed by the circus acrobats was unforgettable.,"Spectacle is of Latin origin, from the word spectaculum, meaning ‘to look at, watch, observe’. || Its use as a word for reading glasses, ‘spectacles’, began in the 14th century.",spect:to look + (ac)le:forms nouns from verbs => spectacle,spectacle + s || spectacle + ed || spectacle + (ul)ar,Would the word spectacle be used for these situations? || Explain why/why not: || The opening ceremony of the Olympic Games. || Seeing your teachers do a flash mob dance at lunchtime. || Watching your little brother at soccer training. || Watching school students playing on the oval at recess.,,
1,3,4,2,perspective,per | spect | ive,,Perspective is your view or the particular way you think about something.,"After the argument, Charlotte calmed down and she was able to see things from Mum’s perspective.","When artists draw objects in perspective, they use techniques to make them seem closer or further away.",,"If you disagree with someone and refuse to take their point of view, then you’re not taking their perspective.",noun :: Your perspective of the Earth :: changes when you view it from space. || noun :: Kai’s perspective :: on homework is very different to his teacher’s.,"Perspective is of Latin origin via Old French, from || perspicere, meaning ‘inspect, look through, look closely at’. It has been in use since the late 14th century. || In art, perspective refers to how to draw solid objects on a flat surface to make them appear the appropriate size in relation to each other.",per:through + spect:to look + ive:having the quality or tendency of => perspective,perspective + s,Example or non-example? || The view of a city from an aeroplane window. || What someone thinks about keeping animals in zoos. || Wanting to eat chocolate cake for breakfast. || Staying silent when asked what you think of the new school uniform.,,
1,3,4,3,aspect,as | pect,,"An aspect is a part of someone’s character, or the direction something faces.",Kindness is often an aspect of a nurse’s character.,Kings Park in Perth has an excellent aspect over the city.,"Aspect is different to perspective: aspect refers to the way something faces, and perspective refers to how you choose to look at something.",,noun :: Every aspect of the crime scene :: is looked at by the forensic team. || noun :: The internet :: has transformed many aspects of our lives.,"Aspect is of Latin origin, from aspectus, meaning ‘looking at, a seeing, appearance’. || Early on, the word was an astrological term used to refer to the position of the planets as they appeared from the Earth. The meaning ‘the appearance of things’ was used from the 15th century.","a:to, towards, near + spect:to look => aspect",aspect + s,,,
1,3,4,4,inspect,in | spect,,To inspect something is to look at it closely or carefully.,Pilots inspect the weather forecast before a flight.,You need to inspect a second-hand car carefully before you buy it.,,"If you watch a movie, you are probably not inspecting it, because you’re unlikely to be looking at it very carefully – you’re more likely to be enjoying the story.",verb :: Custom officers :: inspect our passports before they let us into the country.,"Inspect is of Latin origin, from inspicere, meaning ‘to look at, observe, view’. || It has been in use since the 1620s.","in:in, into, on, upon + spect:to look => inspect",inspect + s || inspect + ed || inspect + ing || inspect + able || inspect + or || inspect + ion || inspect + s,Write sentences using at least two of the words you build.,,
1,3,5,1,various,vari | ous,,"If you have a various things, there are several different types of them.",You might give your parents various reasons why you should be allowed to stay up late.,In the supermarket there are various groceries available to purchase.,,"If a cake shop has lots of the same type of cake, then it does not have various cakes.",adjective :: There are various herbs :: growing in the garden. || adjective :: Cats :: come in various shapes and sizes.,"Various is of Latin origin, from the word varius, meaning ‘changing, different, diverse’, and has been used since the early 15th century.","vari:to differ, vary + ous:full of, characterised by => various",various + ly || various + ness,Could the word various be used in the following situations? || Explain why/why not: || A factory that only refines salt. || The lollies that are available in a lolly shop. || Having several outfits to choose from to wear to a party. || Going to a movie theatre that is only showing one film. || Can you think of anything else you would describe as various? || When have you encountered something that was various?,,
1,3,5,2,variety,vari | ety,,Variety means having several different kinds of the same thing.,There is a wide variety of cheeses in the supermarket.,Pilots get to visit a wide variety of countries.,,You would not say that a talent show had variety if all of the performers sang the same song.,noun :: We :: learn about a variety of topics at school. || noun :: The all-you-can-eat buffet :: included a variety of different dishes.,"Variety is of Latin origin, from the word varietatem, meaning ‘difference, diversity’. || It has been in use since the 1530s.","vari:to differ, vary + (e)ty:forms nouns denoting quality or condition => variety",variety + s,"Example or non-example? || Eating the same meal for breakfast, lunch, and dinner. || Going to a theme park with over twenty different rides. || The large number of different books that are available to borrow from your school library. || Wearing your hair the same way every day.",,
1,3,5,3,variation,vari | ation,,"A variation in something is a slight change in its level, amount, or quantity.",Scientists studying climate change examine variations in global temperatures.,Heart rate monitors can detect if there is any variation in your resting heart rate.,Keeping your air conditioner at 23 degrees means there should be no variation in the temperature inside your house.,,noun :: Variations in cooking time :: can affect the texture of a cake. || noun :: Seismologists :: study variations in the Earth’s vibrations to detect earthquakes.,"Variation is of Latin origin, from variationem, meaning ‘a difference, change’. || It has been in use since the late 14th century.","vari:to differ, vary + (at)ion:noun of action => variation",variation + s,,,
1,3,5,4,variance,vari | ance,,The variance is how things differ.,There is a wide variance in the quality of laptops available for purchase.,"The North and South Pole are the places with the greatest variance in daylight hours. They experience periods of complete darkness during winter, and 24-hour daylight during summer.","There are various sizes of Mars Bar, but there should be no variance in their taste.",,noun :: The variance :: in the players’ skills made them a successful team.,"Variance is of Latin origin, from the word variantia, meaning ‘to change’ and has been in use since the late 14th century.","vari:to differ, vary + ance:forms abstract nouns => variance",variance + in || variance + s,Write sentences using at least two of the words you build.,,
1,3,6,1,telescope,tele | scope,,A telescope is used to make far away objects look bigger.,Astronomers use telescopes to observe planets and stars in our solar system.,The rings of Saturn can be seen through a telescope.,,"Glasses are not telescopes, because while they help people see more clearly and might make a things a bit bigger, they don’t help with seeing objects that are very far away.",noun :: Powerful telescopes :: help us to observe far away planets. || noun :: Mitchell :: looked through the telescope to watch the rare birds.,"Telescope is of Greek origin from teleskopos, meaning ‘far-seeing’. It has been in use since the 1600s. || Telescopes were first invented by spectacle makers in the Netherlands in the early 1600s. They were made famous by Italian scientist, Galileo Galilei, who used them to make discoveries about our solar system.",tele:far + scope:instrument for seeing => telescope,telescope + s => telescopes || telescope + ic => telescopic,Would a telescope be used for these situations? Explain why/why not: || Looking at the Milky Way. || Watching your favourite football team in the stadium. || Looking at your little brother playing on the playground in the park. || Observing a lunar eclipse. || Can you think of other things you would use a telescope to look at? || Have you ever used a telescope before?,,
1,3,6,2,telephone,tele | phone,,A telephone is a device used to talk to someone in a different place.,Pippa used the telephone to speak to her friend living overseas.,The receptionist answered the telephone at the medical centre.,"Now, we can use other things to speak to someone far away, like video calls on a computer.",,noun :: The telephone in the front office :: rang constantly. || verb :: Max :: telephoned his grandma who lives overseas.,"Telephone is of Greek origin, from tele, meaning ‘distant or far away’, and phone meaning ‘sound’. || The word has been in use since the 1830s.","tele:far + phone:voice, sound => telephone",telephone + s => telephones || telephone + ed => telephoned || telephone + ing => telephoning || telephone + ic => telephonic || telephone + ist => telephonist,Example or non-example? || A device that we use to talk to a friend living in the next city. || A device that you use to talk to your Grandma who lives overseas. || Something needed to talk to your friend while you eat lunch together. || Something needed to ask your teacher a question during your Maths lesson.,,
1,3,6,3,photograph,pho | to | graph,,A photograph is a picture made using a camera.,Michael is looking at old photographs with his grandmother.,I always take a lot of photographs when I travel.,,A drawing is not a photograph because it is not made using a camera.,noun :: Her photograph :: appeared in the local newspaper after winning the championships. || verb :: The mother :: photographed her children at the family picnic.,"Photograph is of Greek origin, from photo, meaning ‘light’ and graph meaning ‘something written’. || The word photograph was coined in 1839 by Sir John Herschel, an English polymath, who was also a pioneer of photography.","photo:light + graph:a writing, drawing, or picture of => photograph",photograph + s => photographs || photograph + ed => photographed || photograph + ing => photographing || photograph + er => photographer || photograph + ic => photographic || photograph + y => photography,Build words using morpheme tiles: || tele || scope || phone || photo || graph/graphy,,
1,3,6,4,microscope,mi | cro | scope,,A microscope is used to make very small objects bigger so they’re easier to see.,Jaxon loves looking at coral under a microscope.,The scientist spent weeks hunched over a microscope looking at bacteria cells.,"A microscope and a telescope are different – they both make things easier to see, but a microscope makes small things bigger, and a telescope makes things that are far away bigger and easier to see.",,noun :: Students :: viewed the crystals through a microscope. || noun :: The microscope :: is an essential piece of equipment for scientific researchers.,"Microscope is of Greek origin, from micro, meaning ‘small’ and scope, meaning ‘an instrument for seeing’. || The word has been in use since the 1650s.",micro:small + scope:instrument for seeing => microscope || microscope + s => microscopes || microscope + ic => microscopic,,Build words using morpheme tiles:,,
1,3,7,1,fraction,frac | tion,,A fraction is a part of a whole.,The maths teacher asked the class to express six as a fraction of twenty-four.,Hudson hesitated for a fraction of a second before responding.,,"If you have more than someone else, you don’t have a fraction of what they have, because a fraction is a part.",noun :: Matilda :: only ate a fraction of her lunch because she wasn’t hungry. || noun :: A small fraction of the fans :: booed at the opposing team.,"Fraction is of Latin origin, from fractionem, meaning ‘to break’. || It has been in use since the late 14th century.",fract:to break + ion:noun of action => fraction,fraction + s || fraction + al,Could the word fraction be used in the following situations? || Explain why/why not: || Your slice of a large cake. || 100% of the school’s students attending the disco. || The part of your pocket money that you spend on clothing. || The whole bar of chocolate. || Can you think of any other situations where we would use the word fraction?,,
1,3,7,2,fracture,frac | ture,,To fracture something is to cause a slight break or crack in it.,Jasmine fractured her arm when she fell off her horse.,The girls’ relationship fractured after Susie told everyone about Chantelle’s secret.,,"When you break a biscuit in half, it’s not a fracture, because it’s a complete break, not a slight break.",verb :: Zac :: fractured his collar bone. || noun :: The fracture :: is 3cm long.,"Fracture is of Latin origin, via Old French, from fractura, meaning ‘a breach, break, cleft’. || It has been in use since the early 15th century.",fract:to break + ure:action or process => fracture,fracture + s || fracture + ed || fracture + ing || fracture + al,Example or non-example? || Rock surface cracking after an earthquake. || Cracking your skull. || Bruising your knee when you walk into a coffee table. || Snapping a muesli bar in half.,,
1,3,7,3,refract,re | fract,,"To refract is to bend rays of light, heat, or sound by passing them through different materials.","Sunlight refracts through the water, creating beautiful patterns on the ocean floor.",Scientists study how sound waves refract off different surfaces to help design buildings that effectively absorb noise.,,"A mirror doesn’t refract light – it reflects it, or bounces it back.",verb :: Light :: refracted through water droplets causes rainbows.,"Refract is of Latin origin, from refractus, meaning ‘to break up’. || It has been in use since the 1610s.","re:back, again + fract:to break => refract",refract + s || refract + ed || refract + ing || refract + ive || refract + ion || refract + s,,,
1,3,7,4,infraction,in | frac | tion,,"An infraction is the breaking of a law, rule or agreement.",Shoving the referee is a serious infraction of football rules.,Cheating in a test is an infraction of school rules.,,"Infraction sounds like it could mean the opposite of a fraction – like ‘not fraction’. However, that’s not the meaning of in- in this word.",noun :: The students :: committed an infraction of school rules when they ran around the classroom. || noun :: A serious traffic infraction :: is driving over the speed limit in a school zone.,"Infraction is of Latin origin, from infringere, meaning ‘to damage, break off, break’. It has been in use since the mid-15th century. || The verb infract (1560s) is an archaic word. It was once common, but is rarely used now.","in:in, into, on, upon + fract:to break + ion:noun of action => infraction",infraction + s || infraction + s || infraction + ed || infraction + ing || infraction + or,Write sentences using at least two of the words you build.,,
1,3,8,1,numerical,nu | mer | ic | al,,Numerical means expressed in or relating to numbers.,Houses on a street are listed in numerical order.,The biologist analysed the numerical data from the experiment to find the relationship between temperature and plant growth.,"Authors in a bookshop are likely to be organised alphabetically by surname, instead of numerical order.",,adjective :: The competitors :: lined up for the race in numerical order.,"Numerical is of Latin origin, from numerus, meaning ‘a number’. || It has been in use since the 1620s.","numer:number + ical:connected, dealing with => numerical",numerical + ly,"Could the word numerical be used to describe these examples? || Explain why/why not: || The colour of each person’s socks. || The favourite song of each student in your class. || The number of blue cars sold in a showroom in July. || The wettest months, in terms of millimetres of rainfall, in Australia over the past decade. || Can you think of any other information that could be described as numerical? || When have you had to organise something in numerical order? || Why is this useful?",,
1,3,8,2,numerous,nu | mer | ous,,If something is numerous it exists in large numbers.,The author won numerous awards for his historical fiction writing.,"Despite numerous attempts, Noah didn’t finish his homework on time.",,"If a stolen bike was reported to the police, you would not say numerous reports had been made, as there was only one report.",adjective :: Nicola :: has numerous scarves in different colours. || adjective :: Numerous family members :: attended Luca’s birthday party.,"Numerous is of Latin origin, from numerus, meaning ‘a number’. || It has been in use since the early 15th century.","numer:number + ous:full of, characterised by => numerous",numerous + ly || numerous + ness || numerous + (i)ty,"Example or non-example? || A school with 1,500 students. || When there have been lots of complaints. || Having one sister. || Singing one song.",,
1,3,8,3,numerate,nu | mer | ate,,Someone is numerate when they can understand and work with numbers.,"If you are numerate, you can count, add, subtract and understand numbers well.",You need to be numerate to work as an accountant.,,"Young children might be able to recite numbers, but they probably are not numerate because they do not really understand how to use numbers to add, subtract, and to do other maths tasks.",adjective :: Coen :: learnt to be numerate by paying attention in his maths lessons. || adjective :: The numerate child :: counted all the apples in the basket.,"Numerate is of Latin origin, from the word numeratus, meaning ‘to count, to number’. || It has been in use since 1721.",numer:number + ate:forms participle adjectives => numerate,numerate + or || numerate + ion || numerate + s,,,
1,3,8,4,innumerable,in | nu | mer | able,,Innumerable means too many to be counted.,He had innumerable injuries during his football career.,There are innumerable weeds growing in my back yard.,,Even a very big school won’t have innumerable students – schools need to know exactly how many students they have enrolled!,adjective :: The Olympic athletes :: received innumerable well-wishes from their supporters. || adjective :: Innumerable stars :: exist in our galaxy.,"Innumerable is of Latin origin, from the word innumerabilis, meaning ‘countless, immeasurable’. || It has been in use since the mid-14th century.",in:not + numer:number + able:capable of => innumerable,innumerable + ly,Write sentences using at least two of the words you build.,,
1,3,9,1,forecast,fore | cast,,A forecast is a statement of what you think is going to happen in the future.,The weather forecast shows rain for this afternoon.,The analyst forecasted that the Prime Minister would win the election.,Experts forecast that the economy will slow in the coming months.,,verb :: The company :: is forecasting reduced profits next year. || noun :: The forecast :: is for heavy showers later today.,"Forecast is of Anglo-Saxon (Old English) origin, from fore, meaning ‘before’ and casten meaning ‘contrive, plan, prepare’. || Initially, the word was used to mean ‘planning or preparing for the future’ and in the late 15th century, evolved to mean ‘to predict events’.","fore:in advance + cast:to throw, project => forecast",forecast + s => forecasts || forecast + ing => forecasting || forecast + ed => forecasted || forecast + er => forecaster,Would the word forecast be used for these situations? || A meteorologist reporting what the weather will be like tomorrow. || My mum saying she thinks my team will win the soccer game on Saturday. || The chef saying the cake will be ready in five minutes. || An economist saying what will happen with interest rates next year. || Can you think of any other situations where forecasting would happen?,,
1,3,9,2,before,be | fore,,"If something is before something else, it is in front of it or it happened at an earlier time.",Annie was born a few weeks before Christmas.,There is a gate at the end of the driveway before the house.,Lightning and thunder happen at the same time – but we often see the lightning before we hear the thunder.,,preposition :: I :: went to the shops before doing my housework.,"Before is of Anglo-Saxon (Old English) origin, from beforan, meaning ‘in front of, in former times, in the presence of’.",be:around + fore:in advance => before,,Example or non-example? || Standing in front of the classroom door. || Brushing your teeth and then getting ready for school. || Going to bed. || Dancing to music on the radio at the same time as your Mum prepares dinner.,,
1,3,9,3,behold,be | hold,,To behold something or someone is to see them.,Watching the dolphins playing in the surf was a joy to behold.,It was a pleasure to behold the beauty of the sunset.,The enormous crowd was a sight to behold.,,verb :: The wonderous garden :: was a sight to behold.,"Behold is of Anglo-Saxon (Old English) origin, from behealdan, meaning ‘give regard to, hold in view’.",be:around + hold:to watch over => behold,behold + s => beholds || behold + ing => beholding || behold + er => beholder,Build words using morpheme tiles: || fore || cast || be || hold,,
1,3,9,4,recast,re | cast,,To recast is to change or organise something in a different way.,The director had to recast four of the major roles in his movie.,"The students didn’t seem to understand, so the teacher recast her question in simpler terms.",,"If you copy a drawing exactly, you aren’t recasting it, because it has not been changed or made again differently.",verb :: The author :: recast the classic story with a twist for modern audiences.,"Recast is of Anglo-Saxon (Old English) origin, from re, meaning ‘back, again’ and cast, meaning ‘to throw’. || The word originates from the 16th century. However, the use of the word in the theatre, in the sense of ‘assign a role to another actor’, is from the early 1900s.","re:back, again + cast:to throw, project => recast || recast + s => recasts || recast + ing => recasting || recast + er => recaster",,Build words using morpheme tiles:,,
1,3,10,2,signature,sig | na | ture,,"A signature is a thing or symbol that is particular to a person, like how they write their name.",You must add your signature to official forms.,The chef’s signature dish is lasagna.,Barbie’s signature colour is hot pink.,"The uniform you wear to school is not your signature outfit, because it is for any student at the school and not particular to you.",noun :: Someone’s signature :: is unique to them. || adjective :: Lemon tart :: is my signature dessert.,"Signature is of Latin origin, from signare, meaning || ‘to mark with a stamp or sign’. || It was first used in English in the 1530s to refer to a Scottish legal document. In the 1570s, it started to be used to refer to someone’s name that they had written themselves. || Before then, if you wanted to refer to someone’s unique way of writing their name, you said sign-manual, which literally meant ‘hand-made mark’.","sign:to give a sign, mark + ature => signature",,"Would the word signature be used for these situations? || Explain why/why not: || The way an adult writes their name the same way every time. || A particular outfit that you always wear and makes people think of you when they see it, like a distinctive hat. || A cake that you’ve never made before, and probably won’t make again because it was too tricky. || Your grandfather’s recipe for shepherd’s pie. || What might count as a signature outfit? || Do you have a signature thing that is particular to you? || Do you have a written signature, or a way you write your name that is the same every time?",,
1,3,10,3,suspect,sus | pect,,To suspect is to think something has happened or someone is guilty without proof.,The police suspect the crime was committed by a gang of three or four people.,Tim’s mother suspected that he had spent the day playing video games.,The swimmers did not suspect there was a crocodile lurking beneath them.,"If you see your dad take the last chocolate from the box, you don’t suspect he took it, because you know or have proof that he did.",verb :: The judge :: suspected the man was lying. || noun :: Three suspects :: were brought in for questioning. || adjective :: The child’s behaviour :: was suspicious.,"Suspect is Latin in origin and came to English through French in about the 1300s. || Suspicious has been used for a similar length of time. || It is an interesting word because it means ‘flow in the opposite direction’ – that is, suspicious describes having a lack of trust (e.g., I am suspicious of your motives) and behaving in a way that results in a lack of trust (e.g., You’re hanging around the chocolates in a suspicious manner).",su:under + spect:to look => suspect,suspect + un || suspect + s || suspect + ed || suspect + ing || suspect + (i)ous || suspect + ly || suspect + ion || suspect + s,"Example or non-example? || A man wearing a balaclava found one kilometre from the scene of a robbery, holding a bag full of cash || The woman on trial for stealing a car || The lawyer who is defending the woman in court || Thinking that your sister probably used the last of the toilet paper || Trusting your friend to do a favour like they promised || The dog who is sitting amongst a pile of couch cushions that have been torn to shreds",,
1,4,1,1,astrology,as | tro | logy,,"Astrology is the study of how the planets, sun, moon and stars move around the sky based on the belief that they can forecast your future.","In astrology, there is a belief that a person’s personality is determined by their star sign.",People who believe in astrology may read their horoscope everyday.,"Astrology is deemed to be a pseudoscience, which means it lacks scientific evidence to support its claims.","Reading tea leaves would not be considered part of astrology, as predictions are not made based on the movements of the planets, sun, moon, and stars.",noun :: In Greek astrology :: there are twelve zodiac signs. || noun :: The scientist :: does not believe in astrology.,"Astrology is of Greek origin, from astron, meaning ‘star’, || and logia, meaning ‘treating of’. It has been in use since || the late 14th century, and it was another word for astronomy, which is the scientific study of the stars, planets and other natural objects in space. || By the 17th century, the word astrology was only used to describe the study of how the stars, planets, sun, and moon may influence people’s lives and personalities. || The Greek Zodiac is based on the stories of Greek mythology whereas Chinese astrology is based on a twelve-year cycle of animal signs.",astro:star + logy:study of => astrology,astrology + er => astrologer || astrology + er:+ || ical + ly => astrologically,"Would the word astrology be used for these situations? || Explain why/why not: || Creating a birth chart to forecast your future based on the position of the sun, moon and planets when you were born. || Reading a book about the characteristics of people based on their star/zodiac sign. || Studying the presence of black holes in outer space. || Getting a tarot card reading. || Where might you find information about astrology?",,
1,4,1,2,microcosm,mi | cro | cosm,,"A microcosm is a small society, place or situation that has the same characteristics as a much larger one.","A single game might be considered a microcosm of a sports team’s entire season, and a city or town could be considered to be a microcosm of a larger society.",,,"The universe is not a microcosm, as it includes all of space and time.",noun :: Tiny organisms :: live in natural microcosms.,"Microcosm is of Greek origin, from mikros, meaning ‘small’ and kosmos, meaning ‘world’. It was first used in the late 12th century. || It was often used by medieval writers refer to humans.","micro:small + cosm:world, universe => microcosm || microcosm + s => microcosms || microcosm + ic => microcosmic || microcosm + al => microcosmical",,Example or non-example? || A water sample taken from the local pond. || All of the water in the pond. || A group of people who were randomly contacted to complete a survey about climate change. || Surveying everyone in the town about their opinions on local road safety.,,
1,4,1,3,nautical,naut | ic | al,,"Nautical means relating to ships, sailors or sailing.","Nautical equipment includes ropes, compasses, navigational charts and anchors.","If someone is wearing blue and white stripes, like a sailor’s uniform, you might describe their outfit as nautical.",,"Aeroplane pilots do not have to have nautical experience, as they do not sail ships.",adjective :: The community :: was proud of their nautical history. || adjective :: The school disco :: had a nautical theme.,"Nautical is of Greek origin, from nautikos, meaning ‘seafaring, naval’. || It has been in use since the 1550s.","naut:sailor + ical:connected, dealing with => nautical",nautical + ly => nautically,Write sentences using at least two of the words you build.,,
1,4,2,1,detain,de | tain,,To detain someone means to force them to stay in a particular place.,The police may detain someone if they are suspected of committing a crime.,A person may be detained at the airport if they try to bring banned items into a country.,,You are not being detained if the police stop you to ask a question without forcing you to stay.,verb :: The rioters :: were detained by the police. || verb :: Security :: threatened to detain the man accused of shoplifting.,"Detain is of Latin origin, from the word detinere, meaning ‘hold off, keep back’, and has been used since the early 15th century.","de:un, down, off, totally, out, away + tain:to hold => detain",detain + s || detain + ed || detain + ing || detain + er || detain + s,Would the word detain be used for these situations? || Explain why/why not: || Being asked to stay back after class so your teacher can talk to you. || Going through customs at the airport. || Being in detention after misbehaving in class. || Being placed in the back of a police van. || Who is able to detain people? || Can you think of any other reasons why someone might be detained?,,
1,4,2,2,abstain,ab | stain,,To abstain from something means to purposefully not do it.,"If you’re trying to be healthy, you might try to abstain from eating chocolate.",People who are vegetarian abstain from eating meat.,,"If dessert is not offered, you are not abstaining from eating the dessert because the choice was out of your control.",verb :: My parents :: would like me to abstain from playing video games. || verb :: The bodybuilder :: is abstaining from eating junk food.,"Abstain is of Latin origin, from the word abstinere, meaning ‘withhold, keep back, keep off’. || It has been in use since the late 14th century.","ab(s):away, from + tain:to hold => abstain",abstain + s || abstain + ed || abstain + ing || abstain + er || abstain + s,Example or non-example? || Not eating dessert because you are trying to be healthy. || Refusing to eat your vegetables because you don’t like them. || Saying no to watching a movie because you already have other plans. || Wanting to go to the movies but not being able to because your parents say no. || Deleting YouTube off your iPad so you won’t waste so much time.,,
1,4,2,3,obtain,ob | tain,,To obtain something means to get it or achieve it.,Limited edition sneakers can be very hard to obtain.,Table salt is obtained by crushing and processing rock salt.,,"You would not say that you obtained a painting if you created it yourself. However, if you bargained with someone to buy a painting they produced, you have obtained it.",verb :: The mysterious buyer :: obtained the ancient artifact by paying a huge amount of money. || verb :: Music fans :: obtain tickets to see their favourite musicians after spending hours in online queues.,"Obtain is of Latin origin, from obtinere, meaning ‘hold, hold fast, take hold of, get possession of, acquire’. || It has been in use since the early 15th century.","ob:in front of, towards, against + tain:to hold => obtain",obtain + s || obtain + ed || obtain + ing || obtain + er || obtain + s,,,
1,4,2,4,contain,con | tain,,To contain something means to hold it inside or to include it as part of the thing.,Fruit juice contains a lot of sugar.,"The show bag contained a comic, an action figure, and a mask.","If you drop your bag and everything spills out, those items are no longer contained within your bag.",,verb :: My drink bottle :: contained cordial instead of water. || verb :: A person’s diary :: might contain their deepest secrets.,"Contain is of Latin origin, from the word continere, meaning ‘to hold together, enclose’ and has been in use since the 1300s.","con:with, together + tain:to hold => contain",contain + s || contain + ed || contain + ing || contain + er || contain + s,Write sentences using at least two of the words you build.,,
1,4,3,1,century,cen | tury,,"A century is a group of one hundred things, but most commonly used when referring to one hundred years.",Some giant tortoises live for more than a century.,"A century ago, most people walked to work.",Ricky Ponting has scored 41 International Test centuries for Australia but Shane Warne never scored a century of runs in cricket.,,"noun :: The school :: has been on its present site for over a century. || noun :: This century :: has witnessed amazing new technology, such as artificial intelligence.","Century is of Latin origin, from centuria meaning ‘a group of one hundred things of one kind’. || In Ancient Rome, a century was a unit of 100 foot-soldiers. || The Modern English meaning ‘a period of 100 years’, was first used in the 1650s and is short for ‘century of years.’",cent:one hundred + ury:consisting of => century,century + ur (y i):consisting of || century + es,Would century be used to measure these situations? || Explain why/why not: || How long ago you had your last meal. || When the cricket batter scores more than 100 runs. || How long it will take to finish the book. || The age of a very old gum tree in the park. || Can you think of any other examples of when you would use century?,,
1,4,3,2,centimetre,cen | ti | metre,,A centimetre is a unit of length equal to one hundredth of a metre.,The tiny bird was only a few centimetres high.,The length of the pencil was exactly 15 centimetres.,,"One thousandth of a metre is not a centimetre, but a millimetre.",noun :: The fabric :: needs to be cut exactly 10 centimetres wide.,"Centimetre is of Latin origin, from centum, meaning ‘hundred’.",centi:one hundred + metre:measure => centimetre,centimetre + s,Example or non-example? || The length of your pencil. || The length of your hair. || The length of the street. || The length of the Swan River.,,
1,4,3,3,per cent,per |   | cent,,One per cent is one part in a hundred.,Billy scored ninety-eight per cent on his spelling test.,Sixteen per cent of children live in poverty in this country.,,"If two students in a class of 30 have green eyes, then it is not true that 2 per cent of the class has green eyes, because it is not 2 out of 100.",adverb :: The price :: was reduced by ten per cent in the sale.,"Per cent is of Latin origin, from per centum, meaning ‘by the hundred’.",per:for every + cent:one hundred => per cent,,,,
1,4,3,4,centenary,cen | ten | ary,,A centenary is the one hundredth anniversary of an event.,The centenary of the town’s founding was celebrated in 2013.,This year marks the centenary of the opening of the Town Hall.,,"The year 2,000 was not automatically a centenary simply because it was the end of the century – a centenary is 100 years from a particular or special event.",noun :: The Tour de France :: celebrated its centenary in 2003.,"Centenary is of Latin origin, from centenaries, meaning ‘of a hundred, relating to a hundred’. || In a place of centenary, the U.S. English word ‘centennial’ is used.",cent:one hundred + (en)ary:forms nouns => centenary,centenary + bi:tri || centenary + es,Write sentences using at least two of the words you build.,,
1,4,4,1,credible,cred | ible,,"If something is credible, it is able to be believed or trusted.","If a witness to a crime is credible, it means that their description of what happened seems to likely be true.",Newspapers provide credible information about current events.,,"If your friend tells you that they survived being swallowed by a whale, their story is not credible, as it is very unlikely that this actually happened.",adjective :: The credible document :: will be used as evidence. || adjective :: The blog :: was not a credible source of health information.,"Credible is of Latin origin, from credibilis, meaning ‘worthy to be believed’, and has been used since the late 14th century.","cred:to trust, to believe + ible:capable of => credible",credible + in:not || credible + ly,Would the word credible be used for these situations? || Explain why/why not: || Telling your teacher the dog ate your homework. || The information contained in your school textbooks. || Your classmate telling you they are going to hang out with Olivia Rodrigo on the weekend. || Your friend telling you that they went to the movies on the weekend. || How can you tell if something is credible? || Where would you go to find credible information?,,
1,4,4,2,credulous,cred | u | lous,,Someone who is credulous believes what others say too easily.,"If you believe everything you read, you might be described as credulous.",People who are credulous are more likely to lose large amounts of money to scams.,,"If you believe your friend when they tell you what they did on their holidays, you are not being credulous, as it is likely that your friend is telling the truth.",adjective :: The credulous crowd :: believed the inventor’s claims. || adjective :: Used car salesmen :: enjoy selling to credulous buyers.,"Credulous is of Latin origin, from the word credulus, meaning ‘that easily believes, trustful’. || It has been in use since the 1570s.","cred:to trust, to believe + (ul)ous:full of, characterised by => credulous",credulous + in || credulous + ly,Example or non-example? || Buying a salt lamp because someone told you it will improve the air quality in your home. || Buying a new television after carefully researching different makes and models. || Believing that frogs can fly because you saw it online. || Believing that there is water on the moon after reading reports from a 2020 NASA mission.,,
1,4,4,3,credit,cred | it,,To have credit is to have approval or be trusted.,"If someone is credited for their work, they are recognised for it and given approval.","Credit cards allow you to buy things with money borrowed from a bank, and the bank trusts that you will pay it back.",,"If you don’t believe a story, you might say you don’t credit it.",noun :: The store :: provided the family with credit to buy an entertainment system. || verb :: I :: credited my results to the amount of homework I did.,"Credit is of Latin origin, from creditum, meaning ‘a loan, thing entrusted to another’. || It has been in use since the mid-16th century.","credit:to have approval of, be trusted => credit",credit + un:not || credit + s || credit + ed || credit + ing || credit + able || credit + or || credit + s,,,
1,4,4,4,creed,creed,,A creed is a set of beliefs or principles that strongly influence the way a person lives.,People who are religious live their lives by the creed of their religion.,‘Live every day to the fullest’ is an example of a personal creed.,,"Preferring chocolate to vanilla is not an example of a creed, as this is an opinion rather than a set of beliefs or principles.",noun :: The Samurai’s creed :: is based on principles including loyalty and bravery. || noun :: My personal creed :: is to treat all people with kindness.,"Creed is of Latin origin, from the word credo, meaning ‘I believe’. || It was initially used to refer to a set of Christian beliefs, but has been used in a broader sense to mean ‘a statement of belief on any subject’ since the 17th century.",creed:a set of beliefs that influence how a person lives => creed,creed + s,Write sentences using at least two of the words you build.,,
1,4,5,1,dental,dent | al,,The word dental is used to describe things related to teeth.,Good dental hygiene includes regularly brushing and flossing your teeth.,"Check-ups, teeth cleaning, and fillings are all examples of dental treatments.",,"Having your tonsils removed is not a dental procedure, as it is not related to your teeth.",adjective :: Dental surgery :: can involve removing a tooth. || adjective :: My brother’s breath :: smells because he has poor dental hygiene.,"Dental is of Latin origin, from the word dentalis, meaning ‘tooth’, and has been used since the 1590s.",dent:tooth + al:relating to => dental,,"Would the word dental be used for these examples? || Explain why/why not: || Items such as toothbrushes, toothpaste and floss. || Items such as lip balms and lip scrubs. || A tongue tie. || Teeth grinding, cavities, and staining. || Can you think of other dental products or procedures?",,
1,4,5,2,denture,den | ture,,A denture is a set of artificial or false teeth.,Someone may use dentures if their teeth have fallen out or have been removed.,A partial denture is used when someone is only missing some of their teeth.,,"Braces, a plate or a splint are not dentures, because they don’t replace teeth.",noun :: My grandmother :: looks scary without her dentures. || noun :: Greg’s dentures :: are professionally cleaned by the dentist.,"Denture is of Latin origin by way of French, from dens, meaning ‘tooth’ and –ure. || It has been in use with this meaning since 1845.",dent:teeth + ure:action or process => denture,denture + s,Example or non-example? || Glasses to correct your vision. || False teeth. || Dental flipper (a partial set of artificial teeth). || A mouth guard.,,
1,4,5,3,dentist,dent | ist,,A dentist is a person whose job involves examining and treating people’s teeth.,"As part of their work, dentists examine and clean teeth, fill cavities, perform dental surgeries, and discuss good dental hygiene.",People have to study for at least seven years to become a dentist.,"An orthodontist is different to a dentist, as they focus solely on treating crooked teeth and problems with jaw alignment.",,noun :: My dentist :: took an x-ray of my teeth. || noun :: The teenager :: was told by the dentist to floss their teeth.,"Dentist is of Latin origin, by way of French, from dens, meaning ‘tooth’ and -ist. It has been in use since 1759. || Dentistry has been practised for thousands of years but, until recently in Europe, barbers – who cut hair and shave beards – were the people who conducted medical procedures like pulling out rotten teeth and doing surgery. This is because barbers had sharp razors, not because they had much medical training!",dent:tooth + ist:one who does => dentist,dentist + s:ry,,,
1,4,5,4,indent,in | dent,,To indent means to mark the edge or border of something.,"When writing a new paragraph, it is common to indent the first line so that it is further away from the edge than the other lines.","On a keyboard, the tab key is used to indent a line of text.",,"Leaving a space between paragraphs is not the same as indenting, as all of the lines are the same distance away from the edge.",verb :: The toddler :: indented the table surface by stabbing it with her fork. || verb :: Some authors :: choose not to indent the paragraphs in their work.,"Indent is of Latin origin by way of French, from the word indentare, meaning ‘to furnish with teeth’. || It has been in use since the early 15th century. || The history of the word indenture, with the root meaning ‘tooth’, is not obvious. When contracts were written between a master and their servant, the paper the contract was written on would be cut apart in a jagged or indented line, and the servant would keep one part and the master would keep the other. The contract could then be proved to be real by aligning each part of the document.","in:into, in, on, upon + dent:tooth => indent",indent + s || indent + ed || indent + ing || indent + er:(at)ion || indent + s || indent + ure || indent + ed,Write sentences using at least two of the words you build.,,
1,4,6,1,chronology,chro | no | logy,,"Chronology is the order in which a series of events happened, or a list of that order.","When an individual writes an autobiography, they typically give a detailed chronology of their life.","In order to solve a mystery or crime, a detective will often need to determine the chronology of events.",,"If a history book jumps back and forth between time periods, it does not provide a chronology of the events, as they are not described in the order in which they happened.",noun :: The movie :: followed the chronology of Barack Obama’s time as President. || noun :: My report :: will be a chronology of the Australian cricket team’s most important matches.,"Chronology is of Greek origin, from chrono, meaning ‘time’, and logia, meaning ‘a speaking, theory, science’. || The word has been in use since the 1590s and has meant a ‘particular statement of the supposed order of certain past events’ since the 1610s.",chrono:time + logy:study of => chronology,chronology + s => chronologies || chronology + ist(s)   =:chronologist(s) || chronology + ic(al) => chronologic(al) || chronologic + al(ly) => chronological(ly),Would the word chronology be used for these examples? || Explain why/why not: || A timeline of World War II. || A ranking of the most successful movie directors of all time. || A book explaining how to make candles. || A book which provides a detailed and ordered history of how electricity was discovered. || Can you think of any other examples of chronologies? || When might you want to refer to a chronology?,,
1,4,6,2,photometer,pho | to | met | er,,A photometer is a piece of equipment which is used to measure the intensity of a particular light source.,A photometer works by turning light into electricity.,The first photometer was constructed in 1861.,"Astronomers use photometers to determine the brightness of planets, stars and other objects in space.",,noun :: Several astronomers :: worked to attach the photometer to the telescope. || noun :: The photographer :: used a photometer to work out the best camera settings.,"Photometer is of Greek origin, from photo meaning ‘light’, and meter, meaning ‘device for measuring’. || It was first used in 1778.",photo:light + meter:measuring device => photometer || photometer + s => photometers || photometer + ed => photometered || photometer + ing => photometering || photometer + ic => photometric || photometer + ry => photometry,,Example or non-example? || Measures the process of light turning into heat. || Measures the brightness of the light provided by streetlights. || Measures the brightness of planets in our solar system. || Measures light radiation from the sun.,,
1,4,6,3,chronic,chron | ic,,"If something is chronic, it continues for a long time.",Chronic illnesses include asthma and diabetes.,Many people suffer from chronic back pain.,,"Breaking a bone would not be considered a chronic injury, as it typically heals within weeks to months.",adjective :: Our librarian :: retired due to chronic ill health. || adverb :: My friend :: is chronically late to parties.,"Chronic is of Greek origin by way of Latin and French, from khronikos, meaning ‘of time, concerning time’. || It has been in use since the early 15th century.",chron:time + ic:having the manner or nature of => chronic,chronic + al:+,Build words using morpheme tiles: || chrono/corn || logy || -ic || photo || meter,,
1,4,7,2,detention,de | ten | tion,,Detention is the act of holding someone in a particular place as a punishment.,Students might get detention as punishment for not finishing homework.,Suspects are held in detention when they are arrested.,,"Someone who has to stay in hospital is not in detention, because they are not being contained there for punishment.",noun :: Detention :: is the punishment for not wearing school uniform correctly.,"Detention is of Latin origin, from detentionem, || meaning ‘to hold back, keep off’. || The word has been used for the school punishment since the 1850s, but was originally used to refer to the way Mary, Queen of Scots, was detained by her cousin, Queen Elizabeth I, in the 1500s. || Queen Elizabeth ruled England and Mary ruled Scotland; however, Mary was accused of wanting to overthrow Queen Elizabeth and take over the English throne. When Queen Mary entered England, Queen Elizabeth held her in detention for more than 18 years until Queen Mary’s death. However, Queen Mary’s son, James, became Queen Elizabeth’s heir too, and eventually ruled both England and Scotland.","de:un, down, off, totally, out, away + ten:to hold + (t)ion:noun of action => detention",,Would the word detention be used for these situations? || Explain why/why not: || The class has to stay in at recess because they were too noisy during the lesson. || A suspected criminal is held at the police station until they go to court. || You visit a tropical island resort and decide not to leave for a week. || A soccer player is sent off for dangerous play and has to sit alone on the bench for 10 minutes.,,
1,4,7,3,disaster,dis | aster,,A disaster is a very bad accident or event.,"Natural disasters, like earthquakes and tsunamis, destroy houses and buildings.",The birthday cake was a disaster because Tom accidentally used salt instead of sugar.,,Tripping and grazing your knee would not be a disaster because it is not a very bad accident.,noun :: The party :: was a complete disaster because there was not enough food. || adjective :: The disastrous cyclone :: destroyed most houses in the town.,"Disaster uses both Latin and Greek morphemes. || It came to English in the 1590s from French desastre, || which itself came from Italian disastro. || There was already an English phrase that meant the same thing: ill-starred. At about the same time that disaster came into English, William Shakespeare wrote the play Romeo and Juliet, and described them as ‘star-crossed lovers’. The idea that the stars held your destiny – good or bad – was very strong at that time. Using the word disaster means we keep referring to bad events being caused by the stars, even if we don’t really believe it today.",dis:ill + aster:star => disaster,disaster + s || disaster + ous,"Example or non-example? || You break your arm just before you are due to play in the grand final. || A bushfire burns through hundreds of hectares of bush and destroys 10 houses. || A train crashes into a car on the tracks, with many people injured. || An oil tanker sinks and spills oil through the ocean. || You get a papercut.",,
1,4,7,4,cosmology,cos | mo | logy,,Cosmology is the study of the origin and nature of the universe.,"Cosmology involves different branches of science, including astronomy and physics.",The Big Bang theory is the most well-known theory in cosmology.,,"If you study fossils, this is not part of cosmology, as it is not related to how the universe was created.",noun :: Neil deGrasse Tyson :: tries to explain principles of cosmology in simple terms. || noun :: Many people :: do not know the difference between cosmology and astronomy.,"Cosmology is of Greek origin by way of Latin, from kosmos, meaning ‘world, universe’, and logia, meaning ‘a speaking, theory, science’. || It was first used in the 1650s. || chronology – chronic || photometer – chronology || cosmology - chronic","cosm(os):world, universe + logy:study of => cosmology || cosmology + s => cosmologies || cosmology + ist(s) => cosmologist(s) || cosmology + ic(al) => cosmologic(al)",,,,
1,4,8,3,sustain,sus | tain,,To sustain something is to keep it going.,Students should sustain their attention when their teacher is talking.,The marathon runner sustained the same pace throughout the race.,,A cup of milk probably isn’t enough food to sustain you until lunchtime.,verb :: The opera singer :: sustained the high note at the end of the song.,"Sustain is of Latin origin, from sustinere, meaning ‘to hold up or hold upright’. || It has been used in English since the 1200s to mean || ‘to provide what is necessary for life’ and also ‘to keep something going, like an argument’. || It also developed a meaning in the 1300s to refer to suffering an injury or a loss, and we still use sustain in all those ways today.",sus:under + tain:to hold => sustain,sustain + un || sustain + s || sustain + ed || sustain + ing || sustain + ance || sustain + able || sustain + ly,"Would the word sustain be used for these situations? || Explain why/why not: || You stay awake and focused all the way through a movie. || Your lunch was big enough to keep you going until dinner. || The football player gets an injury when they land awkwardly from a jump for the ball. || A student zones out while the teacher is talking and misses the instruction. || A cyclist gets slower and slower as they ride up a hill, until they finally get off and start walking. || What kind of food sustains you, or is good sustenance for you? || What type of food is less sustaining or keeps you going for less time? || What are you expected to sustain while you’re in the classroom, or during a sports game?",,
1,4,8,4,expect,ex | pect,,To expect something is to believe it will happen.,I expect the visitors to arrive at about 2pm.,The students are expected to sustain attention during assembly.,,We don’t expect it to snow in Darwin.,verb :: The boy :: expected to get a bike for his birthday.,"Expect is Latin in origin, from the word expectare, meaning ‘to look out for, or hope for’. || It has been used in English since the 1550s.","ex:out, away + (s)pect:to look => expect",expect + un || expect + s || expect + ing || expect + ed || expect + ly || expect + (at)ion || expect + s,Example or non-example? || You think the next lesson is going to be maths. || You saw ice cream in the freezer and hope that it will be your dessert. || You friend surprises you by turning up at your house. || The train is 10 minutes early and leaves before the timetable says it is due to leave. || The train arrives and leaves on time.,,
